Temperature (K)	Pressure (MPa)	Density (l, kg/m3)	Volume (l, m3/kg)	Internal Energy (l, kJ/kg)	Enthalpy (l, kJ/kg)	Entropy (l, J/g*K)	Cv (l, J/g*K)	Cp (l, J/g*K)	Sound Spd. (l, m/s)	Joule-Thomson (l, K/MPa)	Viscosity (l, Pa*s)	Therm. Cond. (l, W/m*K)	Surf. Tension (l, N/m)	Thermal Expansion Coefficient (l, 1/K)	Density (v, kg/m3)	Volume (v, m3/kg)	Internal Energy (v, kJ/kg)	Enthalpy (v, kJ/kg)	Entropy (v, J/g*K)	Cv (v, J/g*K)	Cp (v, J/g*K)	Sound Spd. (v, m/s)	Joule-Thomson (v, K/MPa)	Viscosity (v, Pa*s)	Therm. Cond. (v, W/m*K)	Thermal Expansion Coefficient (v, 1/K)
91.0	0.012164065070253121	451.06821352089645	0.0022169595862105086	-70.81593474637704	-70.78896750571174	-0.6986025665041184	2.165700976466211	3.3688129573055443	1535.8318629597236	-0.4812556800746193	0.00020381846774439859	0.21082110095997547	0.01700205727725839	0.002952758031708612	0.25995907717462485	3.8467593086901912	426.2489609938235	473.04119153428456	5.277553027342002	1.573922049025043	2.1109571890247794	249.51198546605377	47.51442307535393	3.36815760420557e-06	0.008828181729853474	0.011275539920618761
91.49748743718592	0.012957652978855965	450.40554604702396	0.0022202213289256355	-69.14008517793523	-69.11131632041844	-0.6802363486539422	2.162488596130518	3.37052727445327	1531.3145245789779	-0.48016994706992416	0.0002005057688922636	0.21023396303873884	0.01690328571005326	0.0029623982584368325	0.2755169106464952	3.6295412780780643	426.9823329347625	474.0126692884863	5.255707914097163	1.5746060122728314	2.1124905571672046	250.1340505500058	46.866232534268015	3.390384539035498e-06	0.008888145192362924	0.011227383783990352
91.99497487437186	0.013792820975519069	449.7417141908738	0.002223498440208267	-67.46339880902761	-67.43273049310432	-0.661960568916239	2.1593276029055724	3.372308737178201	1526.782156554895	-0.47906080377245586	0.00019728521749720333	0.20964230371371478	0.016804512697200964	0.0029721607216056634	0.29180256755805045	3.4269746437411404	427.71419844451935	474.98184619324195	5.234172099493797	1.5753052497934024	2.1140670575322837	250.75194414427705	46.233512618187994	3.412553334200154e-06	0.008948261187653524	0.011180186766033499
92.49246231155779	0.014671162013999029	449.0767002364514	0.002226791101550074	-65.78584466977425	-65.75317505675321	-0.6437739142236427	2.1562150481147517	3.374154466131973	1522.235130023434	-0.47792853563738114	0.00019415324842614418	0.20904625224472947	0.01670574046151905	0.00298204625860383	0.30883962150778865	3.237926517063747	428.444522832497	475.9486673537234	5.212939474871469	1.576019781503916	2.115687252639121	251.36563189909447	45.61576830884497	3.434664177429142e-06	0.009008533237404026	0.011133941993741065
92.98994974874371	0.015594303476162984	448.41048649567404	0.0022300994961446945	-64.10739323465663	-64.07261638633244	-0.6256751081305888	2.1531481737600746	3.3760618056934706	1517.6737969734656	-0.4767733872570247	0.00019110646532313928	0.20844593480722526	0.016606971208056553	0.002992055782179994	0.32665200528784893	3.0613618891419025	429.17327122754443	476.91307757714577	5.1920040649973265	1.5767496219547081	2.117351704000711	251.97507933879115	45.01252548519118	3.456717278553989e-06	0.00906896490366455	0.011088642793956372
93.48743718592965	0.01656390703829646	447.7430552951545	0.002233423808976322	-62.42801631640676	-62.39102209205684	-0.6076629088907209	2.1501244007156997	3.3780283108623537	1513.098491088831	-0.47559556438218226	0.00018814163144348229	0.2078414745699252	0.016508207124308213	0.003002190278931211	0.3452640067488209	2.896334342570202	429.9004085844763	477.87502138660005	5.171360024470544	1.5774947806374318	2.119060972719443	252.58025188747789	44.42332986461839	3.4787128698917383e-06	0.00912955978930696	0.011044282691197014
93.98492462311557	0.017581668517454945	447.074388963492	0.0022367642269073475	-60.74768696624577	-60.70836091905453	-0.5897361076529425	2.147141317664892	3.3800517349863295	1508.509528552025	-0.4743952358192006	0.00018525566103207372	0.20723299177018936	0.016409450380429427	0.0030124508079585055	0.36470026468004807	2.741977719367166	430.62589969009645	478.8344430342246	5.151001634244245	1.578255262300871	2.1208156201084254	253.18111489387655	43.8477459994447	3.5006512066164e-06	0.009190321538446709	0.01100085540581262
94.48241206030151	0.01864931769847092	446.40446981903153	0.0022401209387652218	-59.06637938006773	-59.02460265299524	-0.5718935267681466	2.144196670732148	3.382130018269047	1503.9072088108935	-0.47317253520891994	0.00018244561121158654	0.2066206037871395	0.01631070312945206	0.003022838499681746	0.38498576472114676	2.597498639266106	431.3497091687222	479.79128651371127	5.130923298259781	1.5790310672728143	2.1226162083364373	253.77763365530723	43.285356326021045	3.5225325671186683e-06	0.009251253836846534	0.010958354852457474
94.97989949748744	0.019768618142246272	445.7332801580544	0.002243494135428716	-57.38406881019181	-57.339718031323315	-0.5541340181991176	2.1412883537653373	3.3842612770086973	1499.2918153096462	-0.47192756269340286	0.0001797086743482562	0.2060044252126197	0.016211967507501174	0.0030333545548064168	0.4061458353201071	2.462169775080525	432.0718014872029	480.7454955721215	5.11111954018857	1.5798221917864297	2.1244633010943996	254.36977344081885	42.73576026392664	3.544357253354358e-06	0.00931236041229861	0.010916775138859401
95.47738693467336	0.02094136697597854	445.0608022433707	0.002246884009913716	-55.700731482341496	-55.65367865973639	-0.5364564620267599	2.138414399226036	3.386443793521397	1494.663616185556	-0.4706603864760411	0.00017704217086529276	0.20538456792006726	0.01611324563401263	0.003044000243435696	0.42820614375301097	2.3353238027728986	432.7921409594311	481.6970137210092	5.09158500027685	1.5806286283096542	2.126357464281329	254.95749951346127	42.19857336283687	3.566125591181984e-06	0.009373645034993074	0.010876110564867512
95.9748743718593	0.022169394665982448	444.3870182932789	0.0022502907574587093	-54.01634451750948	-53.96645693359413	-0.5188597650461316	2.1355729696486816	3.3886760067058304	1490.0228649326255	-0.4693710442804905	0.00017444354247585293	0.20476114113135968	0.016014539611951543	0.003054776904321611	0.45119269221999986	2.2163479534203177	433.51069175034354	482.6457842468359	5.072314432289098	1.5814503658761807	2.1282992667078346	255.5407771516928	41.673426494749634	3.5878379306899485e-06	0.009435111517876633	0.01083635562176197
96.47236180904522	0.02345456477378165	443.7119104708642	0.0022537145756101216	-52.33088585841156	-52.278025963916996	-0.501342859446394	2.132762349632274	3.3909565032092766	1485.3698010335868	-0.46805954471353667	0.00017191034580940764	0.2041342514817001	0.015915851528031814	0.00306568594424974	0.4751318140317585	2.1046791026566756	434.22741787941567	483.59175022067757	5.053302700546014	1.5822873904167278	2.1302892808153455	256.11957166992295	41.15996508935466	3.6094946465138904e-06	0.009496763717004326	0.01079750499181008
96.96984924623115	0.024798773696156136	443.03546087360894	0.0022571556643076122	-50.644334200233935	-50.58835950771952	-0.48390470156899995	2.1299809383303976	3.3932840091572767	1480.7046505614708	-0.46672586853682946	0.00016944024640702735	0.20350400308260702	0.015817183452936586	0.0030767288375522176	0.5000501699003831	1.9997993405325987	434.9422832236474	484.5348545072152	5.034544777053153	1.5831396850893515	2.132328083409372	256.69384843819057	40.657848410423384	3.6310961381447164e-06	0.009558605531887109	0.010759553548053863
97.46733668341709	0.026203950389838155	442.3576515232868	0.002260614225969498	-48.95666892540784	-48.89743190238239	-0.46654427073904436	2.1272272424079066	3.395657382412157	1476.0276267520378	-0.4653699698521286	0.0001670310130627338	0.20287049758306286	0.015718537441539705	0.003087907125744611	0.5259747443480869	1.9012319712031764	435.65525152004545	485.47503977300676	5.016035738716609	1.584007230607678	2.134416256405257	257.26357290097934	40.16674887118522	3.652642830227827e-06	0.009620640905838418	0.010722496354315313
97.96482412060301	0.027672056081556762	441.6784643561167	0.002264090465578416	-47.26787004215858	-47.2052180038225	-0.44926056816488785	2.1244998694346027	3.3980756053278167	1471.3389305482933	-0.46399177720446955	0.00016468051248954684	0.20223383422888383	0.015619915533128319	0.003099222417282432	0.5529328422467995	1.8085378975439006	436.36628636760486	486.41224849404057	4.997770764642217	1.5848900055660324	2.136554387585014	257.8287105951728	39.68635138673941	3.67413517285417e-06	0.009682873826326995	0.010686328665406655
98.46231155778895	0.029205083964135837	440.99788121315305	0.002267584590767359	-45.577918126591655	-45.51169312822153	-0.43205261590157124	2.1217975216881895	3.4005377779702264	1466.6387511182786	-0.46259119460748277	0.00016238670429025623	0.20159410992036336	0.015521319751626465	0.0031106763874334774	0.5809520855013198	1.7213123508061288	437.07535122879636	487.34642296257465	4.979745133515021	1.5857879867605438	2.1387430713640203	258.3892271671557	39.216352761631626	3.6955736418437264e-06	0.0097453083253335	0.010651045927533628
98.95979899497488	0.03080505887935191	440.31588383088837	0.00227109681190622	-43.886794268086916	-43.816832997075686	-0.41491945587380097	2.119118990340703	3.4030431117753106	1461.9272663472902	-0.4611681024948231	0.00016014763621423721	0.20095141926824284	0.015422752105819896	0.003122270778262593	0.6100604098882364	1.6391819298406871	437.7824094305633	488.2775052932576	4.961954221055882	1.586701149505427	2.1409829095664747	258.9450883890649	38.75646111080281	3.716958739022019e-06	0.009807948479719074	0.010616643778881411
99.4572864321608	0.03247403698826111	439.63245383204907	0.00227462734218895	-42.194480017797815	-42.12061368535229	-0.39786014895468896	2.1164631500042423	3.4055909236177064	1457.204643305711	-0.45972235860147775	0.0001579614396828427	0.2003058546480598	0.015324214589581983	0.0031340073987258586	0.6402860620624715	1.5618019183157417	438.4874241648354	489.2054374285412	4.944393497552233	1.5876294679437315	2.143274512208717	259.4962601741994	38.30639531218963	3.73829099249036e-06	0.009870798411604138	0.010583118050373208
99.95477386934674	0.0342141054297022	438.9475727165615	0.002278176397721472	-40.50095734006505	-40.42301157260555	-0.3808737740965115	2.1138289536135457	3.408180630265889	1452.4710386934257	-0.4582537987784357	0.00015582632556702987	0.1996575062529268	0.01522570918210088	0.00314588812487191	0.6716575967428634	1.488853851798	439.1903584885673	490.13016114338654	4.927058525460199	1.5885729153519847	2.145618498289674	260.0427085915952	37.86588448933007	3.7595709568904477e-06	0.009933862288766457	0.01055046476659305
100.45226130653266	0.036027381967681626	438.26122185267116	0.0022817441976104532	-38.80620856654661	-38.7240032967877	-0.36395942751018834	2.1112154276241926	3.410811743200172	1447.7265992620128	-0.45676223774417923	0.0001537405802019286	0.19900646214478274	0.015127237848107926	0.0031579149001474517	0.7042038740878255	1.4200433096101996	439.8911753233084	491.05161804927104	4.909944957075378	1.5895314644382283	2.1480154965878318	260.58439987977556	37.43466752239402	3.780799213664072e-06	0.009997144325055624	0.010518680146865158
100.94974874371859	0.03791601462834345	437.57338246819467	0.002285330964053065	-37.110216352897105	-37.023565710634244	-0.34711622189018204	2.108621667506893	3.413483863772466	1442.9714622155946	-0.4552474697760273	0.0001517025616240426	0.19835280830416763	0.01502880253810732	0.003170089735805621	0.7379540572717451	1.3550979090718092	440.5898374543127	491.96974959750315	4.893048532269764	1.590505087633077	2.1504661464643586	261.1213004596852	37.012492586128694	3.801976371308595e-06	0.010060648780830302	0.01048776060648316
101.44723618090453	0.039882181327220545	436.8840356418871	0.0022889369224278495	-35.41296363784353	-35.321675840457104	-0.3303432856820534	2.1060468335193105	3.416196678687337	1438.2057555913998	-0.4537092693443913	0.00014971069601767842	0.19769662867855936	0.01493040518860713	0.0031824147114150694	0.7729376102723778	1.2937654821164764	441.2863075291973	492.88449708185226	4.87636507629236	1.591493757373503	2.152971098672097	261.65337694681995	36.599116713270895	3.823103065628958e-06	0.010124379963418903	0.010457702758083621
101.94472361809045	0.041928089487458894	436.1931622949094	0.002292562301386792	-33.71443360448899	-33.61831084716138	-0.3136397623897603	2.103490146738391	3.4189499557860015	1433.4295986209409	-0.4521473916926342	0.0001477634743580725	0.19703800522932435	0.01483204772235173	0.0031948919754688425	0.8091842958791536	1.2358124163958608	441.9805480561568	493.7958016405026	4.8598904976311905	1.5924974463791624	2.1555310161703596	262.180596162562	36.19430538204412	3.844179959987018e-06	0.010188342227610638	0.01042850341315911
102.44221105527637	0.04405597564969953	435.5007431823775	0.0022962073329487374	-32.014609643710926	-31.913447989363792	-0.29700480992021566	2.1009508853368484	3.4217435401151395	1428.6431020727136	-0.4505615733652628	0.00014585944923944792	0.19637701797731114	0.014733732048555563	0.003207523746091316	0.8467241739319658	1.1810221448577065	442.6725214017444	494.70360425733963	4.843620785934489	1.59351612792115	2.158146574945588	262.7029251447331	35.79783212641745	3.865207745548884e-06	0.01025253997617214	0.010400159583707078
102.93969849246231	0.04626810507429272	434.8067588849777	0.0022998722525942534	-30.313475319513973	-30.207064588474378	-0.2804375999626356	2.098428381088997	3.424577350264862	1423.8463685772542	-0.4489515326867615	0.00014399723187701386	0.19571374504713582	0.014635460063138477	0.0032203123118432547	0.8855875997996419	1.1291937694545895	443.3621897882286	495.607845762579	4.827552009989011	1.5945497760831524	2.160818464838073	263.2203311573785	35.40947816786499	3.886187141531165e-06	0.010316977660400376	0.010372668484011619
103.43718592964824	0.0485667713365113	434.1111898006345	0.0023035572993620594	-28.611014336215245	-28.499137995597952	-0.2639373174005362	2.0959220160916567	3.427451374959947	1419.0394929354086	-0.44731697019349115	0.0001421754892725823	0.19504826271019401	0.014537233648962485	0.003233260032623591	0.9258052231070083	1.0801408061233373	444.04951529053045	496.5084668327469	4.811680315753389	1.5955983660150452	2.163547390375106	263.7327816997922	35.02903206742134	3.907118895446829e-06	0.010381659780709745	0.0103460275325561
103.93467336683418	0.05095429591541961	433.4140161362154	0.0023072627159471354	-26.907210507337485	-26.78964556015344	-0.2475031597541798	2.093431219687061	3.4303656698905223	1414.2225624105813	-0.44565756902069215	0.0001403929415341504	0.19438064542643682	0.014439054676070198	0.0032463693406682716	0.9674079867191551	1.0336900394955149	444.73445983275593	497.4054079900222	4.796001924444689	1.596661874179042	2.166334071611026	264.2402445148005	34.65628939688556	3.9280037833515815e-06	0.010446590887256062	0.01032023435406549
104.4321608040201	0.05343302777704137	432.71521789925487	0.0023109887488006508	-25.202047726097987	-25.07856460009137	-0.2311343366515477	2.0909554655753175	3.4333203547687154	1409.3956570056714	-0.44397299524663036	0.0001386483593403709	0.1937109658849395	0.014340925001924779	0.0032596427416460667	1.0104271259911826	0.9896804769755622	445.4169851843279	498.29860960094913	4.780513130676284	1.5977402785885608	2.169179244974786	264.7426875963129	34.29105242808165	3.948842610091525e-06	0.010511775580601738	0.010295286781677935
104.92964824120602	0.056005342952462046	432.0147748896953	0.002314735648231768	-23.49550993739058	-23.365872373566702	-0.21483006932606658	2.0884942691049835	3.43631561059872	1404.558849725563	-0.44226289819578746	0.00013694056154145038	0.1930392950433172	0.014242846471651645	0.003273082815850832	1.0548941682915192	0.9479623928716713	446.09705295572763	499.1880118745332	4.765210300645295	1.5988335590400304	2.1720836641257595	265.24007919615906	33.9331298391351	3.969636209552982e-06	0.010577218512424743	0.01027118285924595
105.42713567839196	0.05867364411148308	431.3126666916152	0.0023185036685115282	-21.787581111162112	-21.65154605204372	-0.1985895901392916	2.0860471847308246	3.439351677149114	1399.7122068256324	-0.4405269107027146	0.00013526841288847156	0.19236570216599297	0.014144820918281864	0.00328669221949204	1.1008409328065543	0.9083964542002777	446.77462459385316	500.0735548597248	4.750089870367959	1.5999416973378824	2.175048100818606	265.73238783022185	33.58233643677861	3.990385444915373e-06	0.010642924386271081	0.010247920843768285
105.92462311557789	0.06144036013243662	430.6088726649429	0.0023222930679788864	-20.07824521707268	-19.935562694643718	-0.18241214212695037	2.0836138036286824	3.4424288506162095	1394.855788047102	-0.4387646493382578	0.0001336308218836939	0.19169025486136992	0.014046850162997379	0.003300473686083143	1.1482995306341879	0.8708529206205594	447.4496613770035	500.95517844230676	4.735148343961243	1.6010646775130428	2.1780733457781665	266.21958228388405	33.238492893749374	4.011091208907956e-06	0.010708897958357177	0.010225499207954274
106.42211055276383	0.06430794566875636	429.90337193714635	0.0023261041091489835	-18.367486200382515	-18.21789922371199	-0.16629697856695688	2.0811937514579615	3.445547481468585	1389.9896468398426	-0.43697571459961126	0.00013202673874483176	0.1910130191179375	0.01394893601537803	0.003314430027928934	1.197302365173699	0.8352109117022622	448.12212440949486	501.8328223411886	4.72038229196922	1.6022024860352366	2.1811602095853893	266.7016316168014	32.901425500388065	4.031754424071367e-06	0.010775144038419747	0.010203916642923073
106.91959798994975	0.06727888071287771	429.19614339486884	0.0023299370588238965	-16.655287958946314	-16.4985324014965	-0.15024336256783002	2.0787866862628035	3.4487079724635623	1385.1138305730894	-0.43515969106549923	0.00013045515347669427	0.19033405933932637	0.01385108027365056	0.0033285641377139067	1.2478821328190108	0.8013577353984257	448.79197461591656	502.7064261041217	4.705788349732688	1.6033551120194522	2.1843095235754157	267.17850516701907	32.57096592959819	4.05237604302484e-06	0.010841667490621999	0.010183172061040862
107.41708542713567	0.07035567015803916	428.4871656755174	0.002333792188205877	-14.941634321256013	-14.7774388078458	-0.13425056667629567	2.07639229650363	3.451910776826578	1380.2283807347785	-0.4333161475178552	0.0001289150940440544	0.18965343837835544	0.013753284724939533	0.003342878990191966	1.3000718239625177	0.7691882721925914	449.4591727350324	503.5759291028395	4.691363215800605	1.604522547426935	2.1875221407490364	267.65017255444434	32.24695101436761	4.0729570487400026e-06	0.010908473234512477	0.010163264598899742
107.9145728643216	0.07354084335852915	427.7764171587867	0.0023376697730132447	-13.226509025463148	-13.054594818861789	-0.11831787250291154	2.0740102992112948	3.4551563965856475	1375.3333331200417	-0.43144463703108454	0.00012740562463993887	0.18897121757010032	0.013655551145520327	0.003357377643979627	1.3539047243162647	0.7386044099262671	450.1236793133352	504.44127052763514	4.677103650381973	1.6057047872610812	2.1907989366987812	268.1166036836926	31.929222537099403	4.093498454822211e-06	0.010975566246042933	0.010144193620442549
108.41206030150754	0.0768369536889144	427.0638759580965	0.002341570093599113	-11.509895699282136	-11.329976586440878	-0.1024445703643339	2.071640438256407	3.4584453810532514	1370.4287180092106	-0.4295446970299671	0.00012592584404387945	0.18828745676399072	0.013557881301074255	0.0033720632434550216	1.409414416557294	0.7095145247929633	450.7854546982567	505.30238938137956	4.663006473836846	1.6069018297586044	2.1941408105509885	268.5777687463212	31.61762703003985	4.114001305800238e-06	0.011042951558645547	0.010125958720238483
108.90954773869346	0.08024657810276935	426.3495199119449	0.0023454934350730186	-9.791777840740808	-9.603560018614735	-0.08662995894139688	2.069282482727093	3.461778325448658	1365.5145603360381	-0.427615849317197	0.00012447488406503986	0.18760221435498736	0.013460276946945866	0.0033869390207641077	1.4666347823038708	0.6818330044165084	451.44445903104184	506.1592244729911	4.649068565205205	1.6081136765763604	2.1975486859252844	269.0336382224673	31.312015586132553	4.13446667742546e-06	0.01111063426437499	0.010108559726914913
109.4070351758794	0.08377231669140894	425.63332657515696	0.0023494400874256335	-8.072138799687464	-7.875320760637526	-0.07087334495182983	2.0669362254086785	3.4651558696541858	1360.5908798464318	-0.42565760007140213	0.0001230519080653995	0.1869155473138427	0.013362739828402463	0.003402008297937	1.5256000044292073	0.6554798093187887	452.10065223928757	507.01171441035973	4.635286860772412	1.6093403329741978	2.2010235119129145	269.48418288190385	31.01224367966507	4.1548956769812426e-06	0.011178619515112656	0.010091996706751365
109.90452261306532	0.08741679224311306	424.91527321002144	0.002353410345656682	-6.350961760014233	-6.145234176764939	-0.05517404283670344	2.064601481359297	3.4685786970995127	1355.6576912482346	-0.4236694398164128	0.00012165610955849397	0.18622751121648623	0.013265271680896034	0.003417274489117026	1.5863445697193	0.63038006943028	452.75399402915275	507.8597975927333	4.62165835267014	1.6105818079942076	2.204566264075498	269.92937378453144	30.71817099611293	4.1752894436036715e-06	0.01124691252384308	0.010076269967442063
110.40201005025125	0.09118264980331192	424.1953367772969	0.002357404509906249	-4.628229722520467	-4.413275332647341	-0.03953137445968842	2.0622780865757404	3.47204753376836	1350.7150043524018	-0.4216508433624913	0.00012028671087945218	0.18553816027253778	0.013167874230327531	0.0034327411029053977	1.6489032718814418	0.6064637126100028	453.4044438772414	508.70341220257063	4.608180087511579	1.6118381146367111	2.2081779454657555	270.36918228031936	30.429661270619505	4.195649148614555e-06	0.01131551856599789	0.010061380062034086
110.89949748743719	0.09507255623619261	423.4734939270886	0.0023614228855895632	-2.9039254883862475	-2.6794189782998137	-0.023944668818366873	2.059965896744284	3.475563147322458	1345.7628242060664	-0.41960126972014383	0.00011894296192237357	0.18484754735299494	0.013070549193313692	0.003448411744824462	1.7133112149100926	0.583665122423468	454.05196102215996	509.54249619686453	4.594849165059809	1.6131092700333396	2.2118595876718916	270.8035800087134	30.146582134586097	4.215975995867591e-06	0.011384442980875186	0.010047327793048651
111.39698492462311	0.09908919978816207	422.7497209895743	0.002365465783535459	-1.1780316431758031	-0.9436395315605384	-0.008413261766682518	2.057664786071472	3.479126346338062	1340.8011512178232	-0.4175201619870461	0.00011762413894127561	0.18415572401709904	0.01297329827745645	0.0034642901199031153	1.7796038168167039	0.5619228226812678	454.6965044557527	510.3769872979403	4.5816627369282985	1.614395295617516	2.2156122518872983	271.2325388975241	29.86880496987586	4.236271222108836e-06	0.011453691173134346	0.010034114216793465
111.89447236180905	0.10323528965359345	422.0239939655655	0.0023695335201287006	0.5494694586529211	0.7940889379472649	0.007063504252146059	2.055374646190209	3.482737979650854	1335.8299812755154	-0.41540694720849	0.00011632954341108566	0.18346274053840136	0.01287612318161496	0.0034803800353885484	1.847816813730263	0.5411791864699289	455.3380329140139	511.20682298372867	4.56861800531248	1.615696217292654	2.219437030007373	271.65603116131257	29.59620477016846	4.256536097352393e-06	0.0115232686143713	0.01002174064787474
112.39195979899498	0.10751355554326286	421.296288516901	0.0023736264174562824	2.2785957087965985	2.533792724469208	0.022486280462947504	2.0530953851367952	3.486398935805083	1330.8493058570084	-0.4132610362118056	0.00011505850094537476	0.18276864593005754	0.012779025596180495	0.0034966854035876744	1.9179862643753878	0.5213801676132755	455.9765048676785	512.0319404775199	4.555712221751384	1.6170120655983415	2.2233350457552175	272.07402929928816	29.328660009029875	4.2767719252722914e-06	0.011593180844776082	0.010010208663917887
112.8894472361809	0.11192674725587252	420.56657995665734	0.002377744803457892	4.009365259746689	4.275498501401752	0.037855712006846946	2.0508269263947825	3.4901101426034145	1325.8591121342079	-0.41108182341503485	0.00011381036026770892	0.18207348796936607	0.012682007203354086	0.00351321024484284	1.9901485549349838	0.5024750526890537	456.61187851248917	512.8522767371941	4.542942685918379	1.6183428758747904	2.2273074558381434	272.4865060927334	29.066052514289527	4.296980043611768e-06	0.011663433474874937	0.009999520110506538
113.38693467336684	0.11647763425303395	419.83484323916264	0.0023818890120807365	5.741796539069427	6.019233336248964	0.05317243818100994	2.0485692080018154	3.4938725667542108	1320.8593830706277	-0.4088686866101104	0.00011258449223367864	0.18137731322156878	0.012585069677427242	0.0035299586906464174	2.064340404304544	0.48441623189412414	457.2441117591402	513.667768443933	4.530306744440047	1.6196886884257822	2.2313554511368627	272.89343460197176	28.808267348342707	4.317161824610784e-06	0.011734032187362846	0.009989677106349923
113.88442211055276	0.12116900523807596	419.10105294980025	0.002386059383438914	7.475908263367488	7.76502470529777	0.06843709267057033	2.046322181715784	3.4976872136133377	1315.8500975127838	-0.40662098672068436	0.0001113802889008407	0.1806801670629274	0.012488214685065635	0.0035469349868994886	2.140598869745432	0.4671589872038584	457.8731622228934	514.4783519904084	4.51780178974232	1.6210495486803351	2.235480257929415	273.2947881628926	28.55519269402184	4.337318675453005e-06	0.011804982739027399	0.009980682048689358
114.3819095477387	0.12600366773902763	418.3651832945967	0.0023902562639774886	9.211719451953034	9.512900508050405	0.0836503037731786	2.044085812237019	3.5015551270178675	1310.8312302757647	-0.404338067534735	0.00011019716264398522	0.17998209370310378	0.01239144388559603	0.0035641434973194964	2.2189613529447647	0.4506612964092	458.4989872128655	515.2839634684462	4.505425258922933	1.6224255073532923	2.239683139151853	273.6905403830485	28.30671974570186	4.357452038733233e-06	0.011876290962769038	0.009972537618955155
114.87939698492463	0.13098444769610268	417.62720808957107	0.0023944800066415307	10.949249440289988	11.26288908147978	0.09881269461679665	2.0418600764831907	3.5054773892091644	1305.802752223164	-0.40201925541201394	0.00010903454531325457	0.17928313620684688	0.012294758931296458	0.0035815887070026896	2.299465606489568	0.4348836517396881	459.1215437209815	516.0845386561655	4.493174632649367	1.6238166206050155	2.2439653956978773	274.0806651373391	28.062742605328342	4.377563392946436e-06	0.011947962769720676	0.009965246788685676
115.37688442211055	0.1361141890540137	416.8871007498463	0.0023987309710502445	12.68851789320929	13.015019214091335	0.11392488337115762	2.0396449629141045	3.509455120843615	1300.7646303417016	-0.39966385896624373	0.00010789188743283651	0.1785833365150191	0.01219816146768982	0.003599275226147417	2.3821497407634773	0.41978889189371477	459.7407884105907	516.8800130045836	4.481047434081424	1.625222950200347	2.248328367759616	274.4651365632962	27.82315818307605	4.3976542529994835e-06	0.012020004151471196	0.009958812825721202
115.87437185929647	0.1413957533594126	416.1448342784959	0.002403009523676489	14.42954481796843	14.769320159898545	0.12898748345340744	2.0374404709034075	3.513489481088802	1295.7168278107272	-0.3972711687220634	0.00010676865743802548	0.17788273546496092	0.012101653133840968	0.0036172077939444253	2.46705223127421	0.4053420463998483	460.35667760473734	517.6703216236868	4.469041227817601	1.6266445636669773	2.2527734362118808	274.84392905598344	27.587866102366526	4.417726170746714e-06	0.012092421182396357	0.009953239300685679
116.37185929648241	0.14683201936375262	415.4003812551198	0.002407316038031862	16.172350577159243	16.525821652271063	0.14400110372838507	2.035246610154757	3.517581667804101	1290.6593040668067	-0.3948404567464588	0.00010566434094862668	0.1771813728102169	0.012005235562657488	0.0036353912826414853	2.554211926420709	0.3915101913259519	460.9691672740825	518.4553992679583	4.457153618864491	1.628081534453365	2.2573020240423163	275.21701726252553	27.356768608989757	4.4377807355505166e-06	0.012165220022100909	0.009948530093770195
116.86934673366834	0.1524258826318495	414.65371382413497	0.0024116508948575947	17.916955901514577	18.284553917763745	0.15896634870392087	2.0330634001598558	3.521732917803993	1285.5920148637051	-0.3923709762545751	0.00010457844007676225	0.17647928723963846	0.011908910381194222	0.003653830701788816	2.6436680557090413	0.378262315437252	461.5782130244672	519.2351803213546	4.445382251628403	1.6295339420863064	2.2619155978299497	275.58437607627883	27.129770484093488	4.457819574868122e-06	0.012238406917977751	0.00994468940183285
117.36683417085428	0.15818025515640904	413.9048036827681	0.002416014482321488	19.663381902636218	20.045547689911267	0.17388381872159403	2.030890869696137	3.5259445072033264	1280.5149123278916	-0.3898619611895654	0.00010351047276726269	0.1757765163958769	0.011812679210961696	0.003672531202673405	2.735460238426696	0.36556919598113097	462.1837700841099	520.0095987817259	4.43372480892844	1.6310018723282766	2.2666156692747994	275.94598063065786	26.906778960818528	4.477844354865788e-06	0.012311988207888447	0.009941721745830289
117.8643216080402	0.1640980649787686	413.15362206873164	0.0024204071962211707	21.411650085672466	21.80883422303185	0.18875411014328614	2.028729056361885	3.5302177518438094	1275.4279450097895	-0.38731262577613046	0.00010245997216892448	0.1750730968932758	0.011716543668238636	0.003691498082950408	2.829628492785237	0.35340328334610743	462.78579329042935	520.7785882446666	4.422179011030306	1.6324854173346266	2.27140379678127	276.30180629262964	26.687703644373446	4.497856781061651e-06	0.012385970322969057	0.009939631978597162
118.36180904522612	0.17018225581609872	412.40013974757045	0.0024248294401939307	23.161782361988266	23.574445306088755	0.20357781553399035	2.0265780061467953	3.5345540078011006	1270.3310579309525	-0.3847221640473718	0.00010142648603501549	0.1743690643351779	0.011620505364388634	0.0037107367914799923	2.926213245541923	0.3417385939057917	463.3842370764802	521.5420818867871	4.41074261470011	1.633984675810723	2.2762815870982576	276.65182865588866	26.472456435356364	4.517858598998552e-06	0.012460359790567099	0.009938425292990495
118.85929648241206	0.17643578669528936	411.6443269996635	0.0024292816259333934	24.913801061841493	25.34241327661721	0.2183555238411257	2.0244377730360377	3.5389546719723315	1265.2241926273282	-0.38208974934445855	0.00010040957615149944	0.17366445333066022	0.011524565906181203	0.003730252933379054	3.0252553421113184	0.33055061041627726	463.97905545699376	522.3000124483955	4.399413412277426	1.6354997531691213	2.2812506970189874	276.99602353372455	26.26095145614377	4.537851594948022e-06	0.012535163237316854	0.009938107230416986
119.35678391959799	0.18286163159374114	410.8861536068659	0.0024337641734133385	26.667728947102972	27.112771034768507	0.2330878205707499	2.022308418646091	3.543421182743953	1260.1072871888268	-0.3794145337886072	9.940881779154402e-05	0.17295929751070563	0.011428726896117326	0.0037500522752971074	3.1267960571785802	0.31981618938791156	464.5702020140081	523.0523122155723	4.38818923076695	1.637030761686842	2.286312835143788	277.3343669515935	26.053104980178436	4.557837596646962e-06	0.012610387392354275	0.009938683689762149
119.85427135678393	0.18946277908726974	410.12558883877347	0.002438277511118954	28.423589224043358	28.885552057486954	0.24777528796096926	2.0201900118906693	3.54795502074027	1254.980276295301	-0.3766956477247184	9.842379919494659e-05	0.17225362954382847	0.011332989932759668	0.0037701407509270857	3.230877105826715	0.30951347490022235	465.1576298820769	523.7989130016289	4.377067930948034	1.6385778206628347	2.2914697637091863	277.6668351394056	25.848835364000415	4.577818474068219e-06	0.012686039090684222	0.00994016093674136
120.35175879396985	0.1962422320053155	409.36260143859346	0.0024428220762858456	30.18140555621561	30.66079041285776	0.2624185051528536	2.018082628675163	3.552557709652928	1249.843091249122	-0.37393219913606013	9.745412107119672e-05	0.1715474811511591	0.011237356611067662	0.003790524466761518	3.3375406551906894	0.29962181837238633	465.7412917330419	524.5397461279283	4.366047406501458	1.6401410565757062	2.296723300486855	277.9934045235379	25.648062981873817	4.597796140226609e-06	0.012762125276700896	0.009942545613693827
120.84924623115577	0.20320300709365013	408.5971596086026	0.0024473983151471375	31.941202077465004	32.43852077465939	0.27701804835920046	2.0159863516181487	3.5572308171521705	1244.6956600044718	-0.3711232730292216	9.64993961249611e-05	0.17084088312099835	0.011141828522737584	0.003811209708105931	3.446829336652114	0.2901217038413902	466.32113976035083	525.2747424040529	4.355125583152726	1.6417206032417981	2.302075320756191	278.3140517185846	25.450710162873342	4.617772552021788e-06	0.012838653007870404	0.009945844749841854
121.34673366834171	0.2103481346847544	407.82923099517456	0.0024520066831890037	33.70300340508088	34.218778437124946	0.29157449103134253	2.0139012697986414	3.5619759558808948	1239.5379071934838	-0.36826793078850434	9.555924860284642e-05	0.17013386532285363	0.011046407256547848	0.003832202945361849	3.558786258588856	0.28099467833635056	466.8971256629098	526.0038321073018	4.344300417831301	1.6433166019736996	2.3075277593544876	278.628753518853	25.256701130302503	4.6377497111195275e-06	0.01291562945858372	0.009950065772038916
121.84422110552764	0.21768065837603645	407.05878267335896	0.0024566476454149916	35.46683465313282	36.00159932998425	0.30608840402439086	2.0118274785277577	3.5667947845324	1234.3697541493912	-0.3653652094989487	9.463331386035955e-05	0.16942645672096712	0.010951094398709765	0.0038535108405918254	3.673455019694816	0.2722232869706073	467.4692006284464	526.7269449614953	4.333569897845097	1.6449292017393062	2.3130826128089033	278.9374868896159	25.065961943323536	4.657729664872955e-06	0.012993061924186379	0.009955216516031424
122.34170854271358	0.22520363471605412	406.28578113099263	0.002461321676619505	37.232721446002806	37.78702003378279	0.3205603557610809	2.0097650791436674	3.5716890090135776	1229.1911189267953	-0.36241412123695305	9.372123794804428e-05	0.1687186853873436	0.010855891533223787	0.003875140254380855	3.7908797228860176	0.26379101240349945	468.0373153163692	527.4440101150633	4.322932040069583	1.6465585593215157	2.318741941554685	279.24022895812845	24.87842044068752	4.6777145072853556e-06	0.013070957825193213	0.009961305238260571
122.8391959798995	0.23292013289888466	405.5101922523182	0.002466029261670878	39.00068993214874	39.575077795509735	0.334990912394555	2.007714178828682	3.576660383695055	1224.0019163191112	-0.35941365232748856	9.282267721582266e-05	0.16801057851428483	0.010760800242241712	0.003897098253008658	3.9111049898098287	0.25568221835144944	468.60141984009874	528.1549561183982	4.312384890150941	1.6482048394786972	2.324507872244344	279.5369570044185	24.694006186459163	4.69770638001623e-06	0.013149324711697769	0.009968340628232063
123.33668341708542	0.2408332344667991	404.73198130109245	0.002470770895804425	40.770766798123454	41.36581054458522	0.34938063797030583	2.005674890447478	3.5817107127502523	1218.802057873377	-0.35636276256680055	9.193729793463302e-05	0.16730216242644194	0.010665822106434814	0.003919392115948129	4.034175975975516	0.24788209685329532	469.1614637488546	528.8597109004446	4.301926521722577	1.649868215106061	2.3303826001528303	279.8276484518583	24.512650417637822	4.717707473432445e-06	0.013228170267985477	0.009976331821483286
123.83417085427135	0.24894603302136833	403.95111290316606	0.0024755470849258856	42.54297928287292	43.159256909220815	0.36373009458752265	2.003647332405505	3.5868418515855676	1213.5914519025116	-0.35326038440939894	9.106477593450502e-05	0.16659346259239552	0.010570958705368328	0.003942029343706459	4.16013838652493	0.24037661901803356	469.71739600886906	529.5582017444958	4.291555035634444	1.65154886739809	2.3363683916839686	280.1122808575243	24.334285993582483	4.7377200277060785e-06	0.013307502317358472	0.009985288413179132
124.33165829145729	0.25726163394313845	403.16755102849964	0.002480358345925788	44.317355192344	44.95545623318027	0.378039842560125	2.001631628526667	3.592055708364247	1208.3700034950418	-0.3501054221180158	9.020479625824207e-05	0.16588450363576135	0.010476211617882385	0.003965017666026769	4.289038492663535	0.23315248900435726	470.2691649840068	530.250355263176	4.281268559194548	1.6532469860121919	2.3424675869838465	280.3908319023536	24.158847347153145	4.7577463339610805e-06	0.013387328827183468	0.009995220472369634
124.82914572864321	0.2657831541199961	402.38125897260227	0.002485205207005153	46.09392291442634	46.754448592980204	0.39231044057769693	1.9996279079494874	3.5973542456266943	1203.1376145224745	-0.346896750875178	8.935705282995114e-05	0.16517530934584154	0.010381582422479763	0.0039883650504684955	4.420923148772945	0.22619710100085233	470.8167184157652	530.9360973725695	4.271065245422045	1.654962769233772	2.3486826026670946	280.66327938110214	23.98627043748692	4.777788735470538e-06	0.013467657914177545	0.010006138556944445
125.32663316582915	0.27451372168435184	401.5921993373639	0.0024900882080130596	47.87271143425713	48.556274815561466	0.406542445866557	1.997636305040982	3.6027394820101586	1197.8941836443491	-0.34363321585494694	8.852124813768233e-05	0.164465902687818	0.010287072697720605	0.0040120797113861635	4.555839810227594	0.21949849899354637	471.3600034026257	531.6153532654718	4.2609432723113105	1.6566964241429407	2.3550159346624904	280.9296011921101	23.816492704331438	4.797849628906681e-06	0.013548497849935472	0.01001805372932152
125.82412060301507	0.28345647575924726	400.8003340112547	0.0024950079007966084	49.65375034991433	50.36097649646597	0.4207364143512021	1.9956569593275382	3.6082134940712938	1192.6396063110774	-0.3403136312532288	8.769709292948987e-05	0.16375630581250095	0.010192684022624505	0.004036170119327593	4.693836551939188	0.21304533912389112	471.898966378729	532.2880473837197	4.250900842106446	1.6584481667830833	2.361470161184606	281.18977532688274	23.649453023862566	4.817931465645712e-06	0.013629857066718352	0.010030977572909454
126.321608040201	0.29261456621350534	400.0056241488637	0.00249996484956383	51.43706988852682	52.16859601853143	0.4348929008164003	1.9936900154421868	3.61377841821534	1187.3737747645837	-0.3369367792749596	8.688430592225681e-05	0.1630465400656363	0.01009841797708012	0.004060645010874038	4.834962087654252	0.20682685445526702	472.4335530918425	532.954103389573	4.240936180585571	1.6602182223315538	2.368047945838746	281.4437798594873	23.485091665917597	4.838036753129711e-06	0.013711744163513756	0.010044922209385533
126.81909547738692	0.3019911534260236	399.20803014974695	0.0025049596312601476	53.22270092283323	53.979176571162505	0.44901245907010773	1.9917356230876486	3.6194364527358367	1182.0965780368558	-0.3335014090764192	8.608261352266123e-05	0.16233662599677479	0.010004276142262703	0.00408551339894562	4.979265790031334	0.2008328219799062	472.96370858058947	533.6134441361035	4.231047536354378	1.6620068252727938	2.3747520408668312	281.69159293577417	23.323350252577868	4.858168056287914e-06	0.013794167912380955	0.010059900316833957
127.31658291457286	0.31158940805931945	398.407511636556	0.0025099928359589812	55.01067498821692	55.79276217020536	0.4630956421074878	1.989793937014638	3.625189859969329	1176.8079019464485	-0.33000623566075166	8.529174955970159e-05	0.16162658336771263	0.009910260101059814	0.004110784583597364	5.126797711526137	0.19505353171079604	473.4893771509031	534.2659916365486	4.221233180148302	1.663814219574165	2.381585290542388	281.93319276242414	23.16417171803945	4.878327999019826e-06	0.013877137265096711	0.010075925148791801
127.8140703517588	0.3214125108424245	397.6040274324145	0.002515065067267162	56.8010243002426	57.609397678443884	0.47714300227624806	1.9878651170149404	3.631040968569812	1171.5076290929696	-0.32644993872467304	8.451145502821914e-05	0.16091643116050727	0.009816371438505597	0.00413646816333265	5.2776086061144225	0.18947975771478026	474.0105023516725	534.9116670325932	4.211491404142789	1.6656406588648602	2.3885506347233565	282.16855759582495	23.007500269712885	4.898519265742697e-06	0.013960661360119218	0.010093010554253025
128.31155778894473	0.3314636523632299	396.79753553750845	0.0025201769427458352	58.59378177273517	59.42912882677893	0.4911550914435359	1.9859493279288318	3.6369921759081376	1166.1956388496162	-0.3228311614542018	8.374147784289254e-05	0.16020618758507227	0.009722611742223886	0.0041625740469627024	5.431749951884356	0.18410273095378496	474.52702694954047	535.5503905615262	4.2018205212710065	1.6674864066182564	2.395651112571974	282.39766573078117	22.85328135049496	4.918744603006006e-06	0.014044749529884697	0.010111170998684143
128.80904522613065	0.3417460328703788	395.9879931048564	0.002525329094347573	60.38898103642643	61.2520022361121	0.5051324611646587	1.9840467396664325	3.643045950601815	1160.8718073537696	-0.3191485092671508	8.298157260220237e-05	0.1594958700863556	0.00962898260288054	0.004189112466042313	5.58927397453176	0.17891411381095784	475.0388929028138	536.1820815222271	4.19221886454846	1.669351736338115	2.4028898664516243	282.62049548905753	22.70146160216021	4.9390068211758454e-06	0.01412941130845553	0.01013042158610878
129.30653266331657	0.35226286208479884	395.1753564152222	0.002530522168870447	62.1866564581985	63.07806543997366	0.5190756628537893	1.98215752724269	3.6492048351814144	1155.5360074957016	-0.3154005484999142	8.223150036189282e-05	0.15878549535110756	0.009535485614645439	0.004216093987914438	5.750233671793706	0.17390597618758402	475.54604133444445	536.8066582399326	4.1826847864039145	1.6712369317490587	2.410270146011152	282.8370252077597	22.55198882981987	4.959308796191956e-06	0.01421465643953991	0.01015077808232168
129.8040201005025	0.3630173590209726	394.3595808511309	0.0025357568284298786	63.98684316097229	64.90736690794823	0.5329852479570283	1.9802818708256613	3.6554714488999123	1150.1881089053957	-0.3115858050359883	8.149102841747905e-05	0.15807507931423945	0.009442122375664412	0.004243529529398002	5.91468283885808	0.16907077306499588	476.0484125040359	537.424038029724	4.173216658016003	1.6731422869918091	2.4177953124679177	283.0472332275518	22.40481196740021	4.979653471400765e-06	0.014300494884903148	0.010172256939297216
130.30150753768845	0.37401275181804056	393.54062086994725	0.002541033750949101	65.78957704425922	66.73995606991356	0.5468617681279628	1.9784199557978512	3.661848490692062	1144.8279779374684	-0.30770276287344894	8.075993009537037e-05	0.15736463716477775	0.009348894488541646	0.0042714303711560864	6.08267609478885	0.1644013234334013	476.545945778828	538.0341371586813	4.163812868654943	1.6750681068236783	2.425468843101539	283.2510978807117	22.259881044092385	5.000043859467406e-06	0.0143869368331922	0.010194875320861265
130.79899497487438	0.3852522775808276	392.7184299759745	0.002546353630669122	67.59489480542838	68.57588334116926	0.5607057754060482	1.9765719728303972	3.6683387422912874	1139.4554776542504	-0.30374986262848824	8.003798455220924e-05	0.15665418335141656	0.009255803560832906	0.004299808172783466	6.2542689100091975	0.15989079049665125	477.03857960361125	538.6368708066443	4.154471825028755	1.677014706824854	2.4332943359711368	283.44859747902433	22.11714715172945	5.02048304437032e-06	0.014473992709196708	0.010218651129700227
131.2964824120603	0.3967391822308993	391.8929606915268	0.0025517171786791455	69.40283396171509	70.41520014846809	0.5745178223980499	1.9747381179699444	3.6749450715122327	1134.07046780695	-0.29972549997186654	7.932497658203428e-05	0.1559437315876719	0.009162851205550054	0.004328674988655948	6.429517634887289	0.15553266306851496	477.5262514695187	539.2321530255144	4.145191950633356	1.6789824136110651	2.4412755148697256	283.6397103015118	21.97656241304656	5.040974183481982e-06	0.0145616731835731	0.010243603035785767
131.79396984924622	0.40847672036773425	391.06416452692974	0.0025571251234684208	71.2134328730214	72.25795895702566	0.5882984624628116	1.9729185927380515	3.6816704357076144	1128.6728048149484	-0.2956280239950161	7.86206964309063e-05	0.1552332948566397	0.009070039041677375	0.004358043284585971	6.60847952947187	0.15132073808208	478.00889788163767	539.81989669703	4.135971685105922	1.6809715650532324	2.449416234530371	283.8244145820002	21.838079950782788	5.061520509739515e-06	0.014649989183056157	0.0102697505062993
132.29145728643215	0.4204681551401198	390.2319919493971	0.0025625782115005933	73.0267307655392	74.10421329853041	0.6020482498996467	1.971113604243073	3.688517885408822	1123.2623417431375	-0.29145573550223625	7.792493961864637e-05	0.15452288541535983	0.008977368694700198	0.004387925955332916	6.791212794428007	0.1472491041394655	478.4864543253858	540.4000134889415	4.126809483580861	1.682982510504771	2.4577204860996833	284.0026884965196	21.70165385758375	5.082125333909257e-06	0.014738951901187437	0.010297113837145853
132.7889447236181	0.4327167581278724	389.3963923507328	0.002568077207811651	74.84276775625042	75.95401780023657	0.6157677401406136	1.9693233653044722	3.695490568160252	1117.8389282773262	-0.2872068852252877	7.723750676735758e-05	0.1538125147987889	0.008884841797146272	0.004418336343019	6.977776603226143	0.1433121260341947	478.958855231589	540.9724138095182	4.117703816047783	1.6850156110372343	2.466192402895359	284.1745101505363	21.56723916666614	5.102792046949447e-06	0.01482857280959156	0.01032571418615325
133.28643216080403	0.44522580923398264	388.5573140137955	0.0025736228966326846	76.66158487834927	77.80742821516613	0.6294574899470655	1.9675480945895019	3.70259173255828	1112.4024106975523	-0.2828796719563354	7.65582034364078e-05	0.1531021938233802	0.008792459989140576	0.004449288256506503	7.168231135640818	0.13950443018333322	479.4260339401951	541.5370067602946	4.108653166710776	1.6870712396850356	2.474836266465577	284.33985756601356	21.43479182320586	5.123524122475563e-06	0.014918863669833731	0.010355573608059127
133.78391959798995	0.4579985965873116	387.7147040776798	0.0025792160820386294	78.48322410761556	79.66450145348433	0.6431180576105974	1.9657880167624193	3.7098247325065286	1106.9526318493993	-0.2784722405950715	7.588683996358951e-05	0.1523919325902796	0.008700224918974014	0.004480795991794351	7.362637612619216	0.13582089091089405	479.8879226625565	542.0937000869837	4.099656033348356	1.6891497817000525	2.483656512969416	284.4987086682976	21.304268656413125	5.144325119332956e-06	0.015009836545889938	0.010386715091395708
134.28140703517587	0.4710384164559304	386.8685085015387	0.0025848575886243856	80.30772838982283	81.52529561513185	0.6567500031589444	1.9640433626461669	3.717193031699699	1101.4894311130888	-0.27398268010549703	7.522323131215442e-05	0.15168174048813005	0.008608138243686732	0.004512874353497579	7.561058332582664	0.13225661752809487	480.34445244220865	542.6424001284595	4.090710926673355	1.691251634816921	2.49265773989868	284.65104127282393	21.17562735225809	5.1651986842818434e-06	0.015101503817271007	0.010419162597389635
134.7788944723618	0.48434857317124075	386.0186720269864	0.002590548262209685	82.13514166920504	83.38987002373655	0.6703538885670054	1.9623143693967484	3.7247002083498075	1096.012644370317	-0.269409021377488	7.456719692346016e-05	0.15097162619548982	0.008516201629666563	0.004545538677477755	7.763556709228854	0.1288069421598041	480.7955531140657	543.1830117637168	4.081816369692087	1.6933772095299096	2.5018447131631105	284.7968330716401	21.048826426812195	5.186148554799913e-06	0.015193878192838595	0.010452941101003076
135.27638190954775	0.49793237906299265	385.16513813901236	0.002596288970574185	83.96550891805313	85.2582852619064	0.6839302779733936	1.9606012806904314	3.7323499601689685	1090.5221039687299	-0.26474923498811115	7.391856057496765e-05	0.1502615976828651	0.008424416753263405	0.004578804854696333	7.970197310906174	0.1254674082700099	481.24115326195516	543.7154383567084	4.072970897062011	1.695526929382313	2.5112223745624664	284.9360616197374	20.923825200170867	5.2071785620081856e-06	0.015286972725357142	0.010488076634250979
135.77386934673368	0.5117931544053329	384.3078490253312	0.002602080604224365	85.79887616749478	87.13060320794868	0.6974797379029252	1.958904346923987	3.7401461096244937	1085.017638683885	-0.2600012288571566	7.327715024334248e-05	0.14955166221435445	0.008332785301420191	0.004612689356369549	8.181045901636281	0.12223375984236823	481.6811801744045	544.2395816989535	4.064173054447215	1.697701231269337	2.5207958496706966	285.06870432118757	20.800583770923676	5.228292633725971e-06	0.01538080082682493	0.010524596331939433
136.2713567839196	0.5259342273740331	383.4467455340916	0.0026079240771939	87.63529053952189	89.00688707411192	0.7110028374953625	1.957223825428238	3.74809260948282	1079.4990736785876	-0.2551628457911435	7.264279797242298e-05	0.14884182634891038	0.00824130897232117	0.004647209260508032	8.39616948386576	0.1191019311748791	482.1155597985875	544.7553419498024	4.055421397870853	1.6999005657555197	2.5305704561592735	285.1947384150748	20.679062991139183	5.249494797661372e-06	0.01547537628463771	0.010562528479980668
136.76884422110552	0.5403589340150287	382.58176712985784	0.0026138203278792817	89.47480028033009	90.8872014464097	0.7245001487408591	1.9555599806952384	3.75619354866064	1073.966230459387	-0.25023186090948185	7.201533974583031e-05	0.1481320959412127	0.008149989476058349	0.004682382279932103	8.615636343032577	0.11606803725051547	482.5442166923361	545.2626175742407	4.046714493063832	1.7021253974077968	2.5405517125887656	285.31414096121705	20.55922444183166	5.270789184743877e-06	0.015570713278635821	0.010601902566451715
137.26633165829145	0.555070618224437	381.712851847778	0.002619770319912589	91.31745479504193	92.77161232612116	0.7379722467225571	1.9539130846194082	3.7644531584023557	1068.4189268300715	-0.245205978946229	7.139461536400319e-05	0.14742247614215265	0.008058828535316885	0.00471822679185917	8.839516094038721	0.11312836464819491	482.96707397411404	545.7613052781066	4.038050914808841	1.7043762051453628	2.550745347699891	285.42688882566665	20.441030408877868	5.2921800326062675e-06	0.015666826399089197	0.010642749335576332
137.7638190954774	0.5700726317402174	380.83993624584474	0.00262577504307339	93.16330468388492	94.66018717304716	0.7514197098667388	1.9522834167530798	3.7728758188049816	1062.8569768419306	-0.24008283142030767	7.078046832545206e-05	0.14671297139893258	0.007967827886080369	0.004754761869167986	9.067879729726146	0.11027936296087161	483.38405327084587	546.2512999405841	4.029429246278914	1.7066534826075614	2.56115731023767	285.53295866598125	20.324443859352012	5.313671689223299e-06	0.015763730665686787	0.01068510084482339
138.26130653266333	0.5853683341456422	379.96295535514673	0.00263183551424194	95.0124017799023	96.55299495061927	0.7648431202010394	1.950671264576922	3.7814660657131176	1057.2801907405478	-0.23485997366659095	7.017274571203426e-05	0.14600358545477315	0.007876989278356863	0.004792007313452504	9.300799671459197	0.10751763668973967	483.7950746634855	546.7324945438343	4.0208480783696	1.708957738541112	2.571793779344843	285.6323269162542	20.209428418247423	5.335268616715213e-06	0.015861441547591646	0.010728990525329449
138.75879396984925	0.6009610928847835	379.0818426280081	0.002637952778395923	96.8647991882881	98.4501061729712	0.7782430636212604	1.9490769237857344	3.7902285980080603	1051.6883749088543	-0.22953488171981173	6.957129807805963e-05	0.14529432134823253	0.007786314476926679	0.0048299836899862005	9.538349821923832	0.1048399375855881	484.2000566302006	547.2047800996077	4.01230600902381	1.7112894972080344	2.5826611755635147	285.72496977189275	20.09594834555409	5.356975395324663e-06	0.015959974984634855	0.01077445324586976
139.25628140703517	0.616854283290195	378.1965298838994	0.002644127909653176	98.72055132741733	100.35159295405451	0.791620130167209	1.9475006985902812	3.7991682853177755	1046.0813318061391	-0.2241049490425179	6.897597934304532e-05	0.1445851814121297	0.007695805262113021	0.004868712364728677	9.780605620260394	0.1022431574102644	484.5989159870473	547.6680455726821	4.00380164254838	1.7136492988157364	2.593766172486992	285.81086317413144	19.983968513660432	5.37879672757609e-06	0.016059347409721425	0.01082152538061864
139.7537688442211	0.6330512886230141	377.3069472530022	0.002650362012362981	100.57971397168389	102.25752905892794	0.8049749143082893	1.9459429020357661	3.808290176175912	1040.4588599026642	-0.21856748308783056	6.83866466879438e-05	0.14387616727207697	0.007605463430576467	0.0049082155435157355	10.027644099655062	0.09972432109296726	484.99156782599493	548.1221778009527	3.995333588921318	1.7160376999708054	2.6051157091071135	285.8899827942665	19.87345438504899	5.4007374426272845e-06	0.016159575772535767	0.010870244880959895
140.25125628140702	0.6495555001257064	376.4130231172977	0.0026566562222486664	102.4423442962319	104.1679899573369	0.81830801523928	1.9444038563377177	3.8175995066604913	1034.8207536095392	-0.21291970168706006	6.780316045467475e-05	0.1431672798446141	0.007515290796134546	0.004948516313585738	10.279543947522901	0.09728058025774321	485.37792545015503	548.567061411992	3.9869004630886677	1.7184552741581272	2.616717002905919	285.96230401759766	19.764371990254443	5.422802500823418e-06	0.016260677564628824	0.010920651351627994
140.74874371859295	0.6663703170876939	375.5146840490424	0.0026630117076044874	104.30850092369575	106.08305287970036	0.8316200371870888	1.9428838932360974	3.8271017095457913	1029.1668032033992	-0.20715872925141782	6.722538404879816e-05	0.14245851933494286	0.007425289190607596	0.004989638687608484	10.536385568424507	0.0949092071000899	485.75790030605833	549.0025787358865	3.978500884249856	1.72090261224707	2.628577563744442	286.02780192705853	19.65668790605313	5.4449969984646415e-06	0.01636267084598734	0.010972786131483657
141.2462311557789	0.6834991469241267	374.61185474648374	0.0026694296705499186	106.17824397305694	108.00279687565187	0.8449115897290579	1.941383354368542	3.83680242400322	1023.4967947454707	-0.2012815927764138	6.66531838451714e-05	0.1417498852342587	0.00733546046469218	0.005031607650395359	10.79825114986768	0.09260758859199657	486.1314019128164	549.4286097141462	3.9701334751303827	1.7233803230265705	2.6407052086056932	286.0864512865207	19.55036923385298	5.467326172798921e-06	0.016465574273184003	0.011026692379251902
141.74371859296483	0.700945405268066	373.7044579666616	0.002675911348344714	108.05163511074099	109.92730287526835	0.8581832881236051	1.9399025916636976	3.846707505890093	1017.8105099944752	-0.1952852176366116	6.60864290964373e-05	0.1410413763166779	0.007245806488863519	0.005074449208485176	11.065224731155814	0.0903732209960769	486.4983377879871	549.8450318044625	3.9617968612405523	1.725889033771061	2.6531080772535267	286.1382265237492	19.445383578251924	5.489795407252729e-06	0.016569407129223144	0.011082415164577418
142.24120603015075	0.7187125160763872	372.7924144551257	0.0026824580147683597	109.92873760408355	111.85665375314693	0.8714357536539445	1.9384419677557976	3.8568230386687574	1012.1077263128575	-0.1891664231574856	6.552499184419634e-05	0.1403329906357588	0.007156329154308277	0.005118190442816487	11.33739227545598	0.08820370467068284	486.858613369959	550.2517198810837	3.9534896701189846	1.7284293908393242	2.665794648874219	286.1831017129913	19.341699025733025	5.512410236913045e-06	0.016674189355203123	0.011140001564781591
142.73869346733667	0.7368039117496972	371.8756428723928	0.002689070981567741	111.80961637730424	113.7909343954957	0.8846696139857388	1.937001856421621	3.8671553450016765	1006.388216565704	-0.18292191795018872	6.496874683271883e-05	0.1396247255206045	0.007067030373889399	0.005162859564714803	11.614841745271082	0.0860967391490413	487.21213193665346	550.6485461305601	3.9452105305595033	1.7310020603084688	2.6787737597731662	286.2210505571736	19.23928412346431	5.535176354274949e-06	0.016779941583917206	0.011199500767737626
143.2361809045226	0.7552230332666137	370.95405971694936	0.002695751599977189	113.69433807013212	115.73023177040014	0.8978855035395369	1.9355826430411922	3.877710999072411	1000.6517490116767	-0.1765482949938665	6.44175714250573e-05	0.13891657757155754	0.006977912083144479	0.005208485975443543	11.89766318151388	0.0840501184765224	487.5587945203253	551.0353799425825	3.936958071819928	1.7336077286453782	2.6920546222051804	286.25204636968346	19.138107858169914	5.558099615270195e-06	0.016886685175547006	0.011260964181315126
143.73366834170855	0.7739733303327541	370.0275792445922	0.0027025012623153404	115.5829710992505	117.67463500147252	0.9110840638789829	1.934184725083649	3.8884968396865767	994.898087185218	-0.1700420264490302	6.387134552142065e-05	0.13820854265546667	0.006888976241319551	0.00525510032958887	12.185948786394125	0.08206172679114832	487.8984998182396	551.4120877956408	3.9287309228112406	1.73624710341813	2.7056468444236135	286.2760620557078	19.038139635039354	5.581186045593304e-06	0.016994442255588726	0.011324445549884288
144.23115577889448	0.7930582615448237	369.09611338389675	0.002709321403663496	117.47558572272006	119.62423544507611	0.9242659441157642	1.9328085126198644	3.8995199842112944	989.1269897692941	-0.16339945818430368	6.332995147968263e-05	0.1375006159005382	0.0068002248324400645	0.005302734602571568	12.479793010345423	0.08012953413338074	488.2311440989741	551.7785331371894	3.9205277112654624	1.7389209140500645	2.719560452040863	286.2930700931002	18.93934925664042	5.604441847342669e-06	0.017103235755184753	0.011390001078412032
144.7286432160804	0.8124812945701972	368.15957164755656	0.002716213503630734	119.37225410757074	121.57912677132984	0.9374318013324343	1.9314544288635516	3.910787843417701	983.3382104576444	-0.15661680399717529	6.279327403788179e-05	0.1367927916907494	0.006711659866421039	0.0053514221626081385	12.779292643234141	0.07825159247209502	488.5566211040854	552.1345762579924	3.9123470628805026	1.7416299126193362	2.7338059108008657	286.3030425127431	18.841706901800727	5.627873405995672e-06	0.01721308945403788	0.01145768956472874
145.22613065326632	0.8322459063424494	367.2178610393632	0.0027231790882110904	121.27305040075422	123.53940504915487	0.9505823010242145	1.930122910742755	3.922308137295464	977.5314978057874	-0.14969013950834728	6.226120023859797e-05	0.1360850636598393	0.0066232833802185006	0.005401197847467688	13.084546910111046	0.07642603193445338	488.87482194485966	552.4800741603055	3.904187600440094	1.7443748747070198	2.7483941508731387	286.3059508783723	18.745183104421404	5.651487297738071e-06	0.017324028026102216	0.011527572540595436
145.72361809045225	0.8523555832732677	366.2708859565314	0.0027302197317388716	123.1780508036703	125.50516883558102	0.9637181175611085	1.9288144095038349	3.934088911916049	971.7065950695483	-0.14261539570707976	6.173361935506632e-05	0.13537742468485514	0.006535097439024443	0.005452098046408105	13.395657571784266	0.07465105722815238	489.1856349938444	552.8148804195122	3.896047942906892	1.7471566002970127	2.763336592787569	286.3017662658228	18.649748732185852	5.675290297169437e-06	0.01743607708826361	0.011599714422257127
146.2211055276382	0.8728138214812575	365.318548087084	0.002737337058948405	125.08733365048951	127.4765192695924	0.9768399346715935	1.9275293913501856	3.9461385574273184	965.8632400300579	-0.13538835212348607	6.121042281890556e-05	0.13466986687925914	0.006447104137507653	0.005504160787706777	13.712729030513787	0.07292494424521799	489.48894577084013	553.1388450388163	3.887926704486547	1.7499759147312377	2.7786451751400443	286.29045924165837	18.55537496512492	5.699289385408048e-06	0.01754926325223911	0.01167418267123009
146.71859296482413	0.893624127038178	364.3607463019821	0.002744532747145051	127.00097949052113	129.4535601708159	0.9899484459493954	1.9262683381182422	3.9584658272698805	960.0011648040314	-0.1280046296017436	6.069150414934071e-05	0.1339623815855922	0.006359305601103009	0.005557425832240269	14.035868441149711	0.07124603683718253	489.78463682300185	553.4518142965587	3.8798224936605563	1.7528336697239086	2.794332384210804	286.2719998411353	18.462033273998202	5.7234917586203605e-06	0.017663614179945802	0.011751047966139013
147.21608040201005	0.9147900162331526	363.3973765416473	0.002751808528494962	128.919071174884	131.43639814333665	1.0030443553848858	1.9250317479934849	3.971079858714566	954.1200956378859	-0.12045968264578204	6.017675888378547e-05	0.1332549593676856	0.006271703987351832	0.005611934773612518	14.365185828060628	0.06961274375209422	490.07258759868006	553.7536305856923	3.8717339121854333	1.755730744438861	2.810411285650508	286.2463575454548	18.369695398449878	5.747904837002286e-06	0.01777915864261272	0.011830384386494894
147.71356783919597	0.9363150158554564	362.4283316965097	0.002759166192441545	130.8416939477735	133.42514268499698	1.0161283779228099	1.9238201362694929	3.9839901948292025	948.2197526842922	-0.11274879130690095	5.966608450966437e-05	0.13254759000241673	0.006184301487296317	0.005667731145376548	14.700794208224972	0.06802353572438341	490.35267431460005	554.0441322449201	3.8636595540556438	1.7586680466343036	2.8268955584035007	286.2135012582464	18.27833332489576	5.7725362742412344e-06	0.017895926583932006	0.011912269609387988
148.2110552763819	0.9582026634965388	361.45350148118814	0.002766607588257227	132.76893554261477	135.41990630253235	1.029201240048109	1.9226340361533367	3.997206807993106	942.2998497596562	-0.10486705258019027	5.915938039735129e-05	0.1318402624710142	0.0060971003269310485	0.005724860535947376	15.042809720887355	0.06647694270914511	490.62476981594546	554.3231533809549	3.855598004427512	1.761646513879635	2.8437995310537802	286.17339928122504	18.18791926409586	5.797393967490555e-06	0.018013949187575873	0.011996785120161987
148.70854271356785	0.9804565078719492	360.47277230185773	0.002774134627739945	134.70088628344962	137.42080463292965	1.042263680401868	1.9214739996209713	4.010740125089751	936.3600940807045	-0.09680937127356688	5.8656547734090826e-05	0.1311329649498976	0.0060101027687148945	0.005783370711864543	15.39135176421269	0.06497155125290276	490.8887434288848	554.5905236813292	3.8475478385011277	1.7646671148493505	2.861138220796893	286.12601928895623	18.09842562836464	5.822486067890163e-06	0.018133258949431193	0.012084016438237262
149.20603015075378	1.0030801091638946	359.4860271163426	0.00278174928806444	136.63763919190703	139.42795657144532	1.0553164504294748	1.920340598326614	4.024601054519937	930.4001859784411	-0.08857045031046253	5.815748945877917e-05	0.1304256848010572	0.005923311113146879	0.0058433117501247725	15.746543139405206	0.06350600199338564	491.14446080503757	554.8460682171253	3.8395076203570744	1.767730850699457	2.8789273752606745	286.0713283026577	18.009825008369212	5.847820991670038e-06	0.018253889754942226	0.01217405335936402
149.7035175879397	1.0260770393852319	358.4931452864256	0.0027894536147993264	138.57929010014402	141.44148440672035	1.0683603150632937	1.9192344245705368	4.0388010151924	924.4198185874659	-0.08014478042359224	5.766211019747288e-05	0.12971840856197217	0.0058367277004096755	0.005904736180379419	16.108510202797298	0.06207898728129101	491.3917837573393	555.0896072349597	3.831475901744497	1.7708387565322443	2.897183517419608	286.0092926629584	17.922090149462182	5.873407431876146e-06	0.018375876961984252	0.012266990215711687
150.20100502512562	1.0494508827657019	357.4940024218239	0.0027972497251018305	140.5259377701811	143.46151396350572	1.0813960534423643	1.9181560923301035	4.053351967663948	918.4186775085456	-0.07152662919367249	5.717031619949425e-05	0.12901112193506636	0.005750354912084943	0.00596769913787046	16.47738302645299	0.06068924891741534	491.6305700867233	555.320955937492	3.82345122081685	1.7739919029557327	2.915923993871815	285.93987800152934	17.835193927493524	5.899254370761534e-06	0.018499257489732465	0.01236292615533964
150.69849246231155	1.0732052361613087	356.48847021523136	0.002805139811103136	142.47768402008165	145.48817475352226	1.0944244596717696	1.9171062383594069	4.068266447618889	912.396440442161	-0.06271002938277022	5.6682015273996915e-05	0.1283038097767049	0.005664195172944717	0.006032258528069147	16.8532955678761	0.05933557599892155	491.8606733989854	555.5399242516752	3.815432100811271	1.7771913977446425	2.9351670267747827	285.8630492114905	17.749109324042436	5.9253710928889685e-06	0.01862406991403664	0.012461965442749967
151.1959798994975	1.097343709487793	355.4764162677791	0.0028131261434983738	144.4346338574756	147.52160013503885	1.1074463436246837	1.9160855233633791	4.083557601896489	906.3527767905598	-0.05368876650756022	5.619711672685338e-05	0.12759645608573447	0.005578250952823572	0.006098475204080741	17.23638584946168	0.05801680286887008	492.0819429111501	555.7463165838979	3.8074170486673204	1.7804383876102925	2.9549317697659734	285.7787704164886	17.663809401006166	5.951767198995262e-06	0.018750354569859115	0.01256421778239503
151.69346733668343	1.1218699261792051	354.4577039042084	0.002821211075356535	146.3968956209593	149.56192748180516	1.1204625317902044	1.915094633252904	4.099239227296916	900.2873472257503	-0.04445636559285692	5.571553129772286e-05	0.12688904399157674	0.0054925247685765665	0.006166413157990112	17.62679614838288	0.05673180716347832	492.29422324659856	555.9399315611029	3.7994045535803855	1.7837340600874787	2.975238368228148	285.6870049383317	17.579267274479264	5.9784526206717176e-06	0.01887815366139311	0.012669798667205606
152.19095477386935	1.1467875236726852	353.43219197698687	0.0028293970461669583	148.36458112995862	151.6092983620189	1.1334738681704981	1.9141342804880557	4.115325812419839	894.1998032205944	-0.035006077040348235	5.523717109715227e-05	0.1261815557418829	0.0054070191861283175	0.006236139727447871	18.02467319766426	0.05547950795188818	492.4973542181551	556.1205617568799	3.7913930854846796	1.787079645547052	2.9961080242967513	285.5877152630491	17.495456087852215	6.005437635919776e-06	0.01900751138053379	0.01277882975442061
152.68844221105527	1.1721001539205806	352.39973465853177	0.0028376865861405366	150.33780584368594	153.66385872807916	1.1464812152309471	1.9132052055174407	4.131832582816734	888.0897865400632	-0.025330861541575666	5.4761949543558704e-05	0.1254739726897662	0.0053217368226190775	0.006307725818935619	18.430168399256704	0.05425886396351812	492.69117059826215	556.2879934014575	3.783381093460409	1.7904764193437015	3.017563067048718	285.48086300523977	17.412348984053164	6.032732885646034e-06	0.019138474034448905	0.012891439271239705
153.1859296482412	1.1978114839311595	351.3601812206285	0.0028460823207854427	152.31668902988653	155.72575911793663	1.1594854549074525	1.9123081783223512	4.148775549767851	881.956928689465	-0.015423373957600918	5.4289781299938e-05	0.12476627528062899	0.005236680348654001	0.006381246149305669	18.84343805000062	0.053068871898351216	492.8755018752986	556.4420060744151	3.7753670040591123	1.793925704109261	3.0396270283591638	285.36640887054773	17.329919076851937	6.060349391166445e-06	0.019271090183066372	0.013007762453090429
153.68341708542715	1.2239251963392461	350.3133758000479	0.002854586975779026	154.30135394412324	157.7951548689215	1.1724874896753295	1.9114440000754578	4.166171563028353	875.8008503162894	-0.005275946080598263	5.382058221013421e-05	0.1240584430386124	0.005151852490662339	0.006456779507365845	19.264643581441867	0.0519085648157709	493.05017199501015	556.5823723788408	3.767349219540746	1.7974288722028073	3.0623247249652747	285.24431261609544	17.248139421138738	6.088298572795733e-06	0.019405410787386564	0.013127942017603512
154.18090452261305	1.2504449900081753	349.2591571492764	0.0028632033821595444	156.29192802042542	159.87220634502143	1.185488243684676	1.9106135049247397	4.184038367925495	869.621160562092	0.005119431815307339	5.3354269234502e-05	0.12335045455270015	0.005067256033373896	0.006534409037476665	19.693951814551156	0.05077701059779865	493.21499908593586	556.7088575955452	3.7593261160154965	1.8009873483298167	3.0856823473360144	285.1145330086783	17.166982982084356	6.1165922696049245e-06	0.019541489369617433	0.013252128677730289
154.678391959799	1.2773745806646302	348.19735837116866	0.0028719344818636675	158.28854307419942	161.95707917866613	1.1984886639675354	1.9098175619145563	4.202394667231053	863.4174563606595	0.015771130735452908	5.28907603847842e-05	0.1226422874625157	0.004982893822420493	0.006614222547350316	20.13153523049355	0.049673310482813274	493.36979516760675	556.8212193158142	3.7512960414826395	1.8046026123438121	3.109727556013193	284.97702778050945	17.08642260308074	6.145242760437307e-06	0.019679382186239068	0.013380481697818636
155.17587939698493	1.3047177015679166	347.127806636226	0.002880783333638132	160.2913355183769	164.0499445281564	1.2114897217226401	1.9090570770570323	4.22126018828067	857.189321678458	0.02668790414951542	5.2429974658020025e-05	0.12193391844386658	0.004898768767071127	0.006696312842490815	20.5775722586983	0.048596597666048395	493.5143658401829	556.9192070510503	3.7432573137581286	1.8082762022451442	3.1344895861646465	284.83175358227487	17.006430972353826	6.174262786281662e-06	0.01981914841522139	0.013513169496894838
155.67336683417085	1.3324781042154963	346.05032288107344	0.0028897531193567715	162.30044659387983	166.15097935201103	1.2244924136841417	1.9083329955683712	4.240655755865126	850.9363266931692	0.03787891072180201	5.197183196929008e-05	0.12122532319409932	0.004814883843109778	0.0067807780899967985	21.032247583598277	0.04754603596335738	493.6485099540789	557.002561817495	3.735208218281814	1.8120097173929834	3.1599993611754558	284.6786659332341	16.926980588130963	6.20366557411087e-06	0.019960850358756263	0.013650370303885766
156.1708542713568	1.360659559086585	344.9647214865775	0.002898847150777155	164.31602261557578	168.26036670161167	1.237497763581251	1.9076463042863336	4.260603371478573	844.6580269059278	0.04935373872069348	5.1516253083095394e-05	0.12051647641734292	0.004731242095866079	0.006867722214766367	21.495752471535077	0.04652081853492738	493.7720192579795	557.0710156940607	3.7271470057943086	1.815804821948108	3.1862896161991703	284.5177191680714	16.848043722236234	6.233464862304011e-06	0.02010455366300978	0.013792272870065604
156.6683417085427	1.3892658564258404	343.8708099338928	0.0029080688767745195	166.33821523500376	170.3782960336406	1.2505068236964094	1.9069980342869375	4.281126299577374	838.3539621826113	0.061122432254334086	5.1063159543157354e-05	0.11980735180973905	0.004647846643409584	0.006957255331506064	21.96828511947106	0.04552016666579378	493.884678023503	557.1242913511038	3.7190718898725996	1.8196632485658195	3.213395032700099	284.3488663801668	16.769592381976477	6.263674927781857e-06	0.02025032755657247	0.013939077244635268
157.16582914572865	1.4183008070693146	342.7683884365553	0.002917421891094531	168.36718172129622	172.50496354399692	1.2635206765304041	1.9063892637204347	4.30224916157953	832.0236557193734	0.07319551949404922	5.0612473600413406e-05	0.1190979220447751	0.004564700679919283	0.007049494216353323	22.450051027309005	0.044543328600169595	493.9862626446016	557.1621015477757	3.7109810443124713	1.8235868023602133	3.241352385141265	284.17205936091835	16.69159827016813	6.294310614998048e-06	0.020398245109475844	0.01409099562004925
157.66331658291458	1.4477682433149153	341.65724954655724	0.002926909940670617	170.4030852618364	174.64057252498205	1.2765404365835986	1.905821120888914	4.3239980384228405	825.6666129273324	0.0855840430634806	5.016411813897228e-05	0.11838815875886553	0.004481807479241462	0.00714456282238934	22.941263395796216	0.04358957842675923	494.0765412095945	557.1841485953414	3.702872600344602	1.8275773651631586	3.2702007011132075	283.9872485347031	16.614032743143593	6.325387366942454e-06	0.02054838351485715	0.014248253254508635
158.1608040201005	1.4776720198399274	340.53717773212776	0.0029365369345564283	172.44609528436413	176.78533374778488	1.2895672522633752	1.9052947875904094	4.346400582598194	819.2823202311909	0.09829959278917846	4.971801659977772e-05	0.11767803253735072	0.0043991703986494945	0.007242592843845559	23.442143552190856	0.042658215012361445	494.1552730435274	557.1901237836095	3.6947446436699054	1.831636900103741	3.299981436358956	283.79438288901406	16.536866766559516	6.3569212583290705e-06	0.020700824395595178	0.014411089479954538
158.65829145728642	1.5080160146682446	339.4079489247178	0.00294630695352926	174.49638780240005	178.93946587245037	1.30260230792893	1.9048115027572872	4.3694861406882515	812.87024377632	0.11135434102874685	4.9274092901719544e-05	0.1169675129011283	0.004316792882821045	0.007343724334412878	23.952921406087835	0.04174856098120214	494.22220821831127	557.1797067673178	3.686595211298218	1.8357674565365787	3.3307386663331173	283.5934098992533	16.46007086881497	6.388929031158322e-06	0.020855654138520432	0.014579758804940418
159.15577889447235	1.5388041301901418	338.2693300324202	0.0029562242604263254	176.55414578606738	181.10319588777946	1.3156468260857086	1.904372566419877	4.39328588756979	806.4298280385889	0.12476108081497003	4.8832271359906736e-05	0.11625656829416213	0.004234678468049143	0.007448106385750681	24.473835938049376	0.04085996173755925	494.27708702783775	557.152564909005	3.6784222881728468	1.8399711753503802	3.3625192961418287	283.38427544760094	16.383615091868315	6.421428132863351e-06	0.02101296425910864	0.0147545321229548
159.6532663316583	1.5700402942377858	337.1210784167832	0.00296629331128236	178.6195595605716	183.27675958381286	1.3287020697429377	1.9039793440299675	4.417832973585676	799.9604943311058	0.13853326707941147	4.8392476600810385e-05	0.11554516607217608	0.004152830786705326	0.007555897873082188	25.00513572396561	0.03999178452935061	494.319639424971	557.1083525745269	3.670223803561577	1.8442502946915056	3.3953732909497814	283.1669237352985	16.30746893922274	6.454436757272051e-06	0.021172851799925743	0.014935698038134961
160.15075376884423	1.6017284612197085	335.9629413296324	0.002976518767344768	180.69282723488655	185.46040205989715	1.3417693449493162	1.9036332711828863	4.443162686160805	793.461639201685	0.1526850612471672	4.795463347395291e-05	0.11483327249288437	0.004071253571974713	0.007667268275668713	25.547079498378896	0.039143417550466214	494.3495844169902	557.0467103769788	3.661997627192781	1.848607156140991	3.4293539292148734	282.9412971876152	16.231601320827007	6.487973888641393e-06	0.021335419766492586	0.015123564321879002
160.64824120603015	1.6338726133179957	334.79465530618876	0.0029869055080507276	182.77415516340125	187.65437827157407	1.3548500035232778	1.9033358587814981	4.469312627529398	786.9326327148476	0.1672313795255954	4.7518666959813504e-05	0.11412085270820693	0.003989950662884793	0.007782398580992998	26.099936760361132	0.03831426907971418	494.36662941568534	556.9672643643268	3.653741565112874	1.8530442113877943	3.4645180814274616	282.70733635065363	16.155980494614447	6.522059349048474e-06	0.02150077760470475	0.015318459515672128
161.14572864321607	1.6664767617520042	333.61594551032914	0.0029974586450605936	184.86375844363772	189.85895361994397	1.3679454459962483	1.903088698690727	4.496322910464619	780.3728166116587	0.18218794524567378	4.7084502073579304e-05	0.11340787075896501	0.0039089260096518905	0.007901482282685505	26.6639884259251	0.037503766654343094	494.3704695378917	556.8696251455241	3.64545335523881	1.85756402944574	3.500926517395134	282.46497977906006	16.0805740043739	6.556713849454316e-06	0.021669041724458573	0.015520734697521271
161.643216080402	1.6995449481128744	332.4265250274104	0.003008183537452508	186.96186145345118	192.0744045875244	1.3810571247891945	1.902893469937142	4.524236374157349	773.7815023406821	0.1975713456540011	4.6652063764358e-05	0.11269428957268676	0.0038281836793716073	0.008024726483608084	27.2395275314002	0.03671135627617829	494.36078685178103	556.7533869493317	3.6371306625763538	1.8621693044670375	3.538644245535191	282.21416391356684	16.005348613616476	6.5919590447918376e-06	0.021840336074750333	0.015730765431798483
162.14070351758795	1.7330812457735056	331.22609409956146	0.00301908580819546	189.0686984315077	194.3010194250724	1.3941865476450075	1.9027519455148785	4.5530988226881535	767.1579689529691	0.21339909359849468	4.622127680943269e-05	0.11198007096524923	0.0037477278620821806	0.008152353117114073	27.82685999270887	0.03593650164847984	494.33724956369144	556.6181266093804	3.628771074071504	1.8668628642113914	3.577740888124736	281.9548229471587	15.930270235065569	6.62781759346989e-06	0.022014792776196175	0.0159489539250783
162.63819095477385	1.767089761378855	330.01433929775123	0.003030171362032129	191.1845141052894	196.5390988943598	1.407335281342022	1.9026659998669186	4.58295928888167	760.5014608535249	0.22968969460194646	4.579206570309881e-05	0.11126517564722326	0.0036675628772328537	0.008284600301368503	28.426305426050984	0.035178683441695544	494.2995111396818	556.4634024682897	3.6203720930587546	1.8716476792365617	3.6182910970243407	281.6868886784893	15.855303855359073	6.664313221730602e-06	0.02219255281772722	0.016175731413786348
163.1356783919598	1.8015746364222247	328.7909326243275	0.003041446404918312	193.3095643713133	198.78895707245138	1.4205049557165086	1.902637617119463	4.613870326731052	753.8111854016302	0.2464627198744012	4.536435453959764e-05	0.1105495632359662	0.0035876931805924497	0.008421723843770431	29.03819803616047	0.034437398586328515	494.2472093553	556.2887531927921	3.611931133265416	1.8765268728841948	3.66037501505089	281.410290350981	15.780413454507297	6.701470793349393e-06	0.022373766825121592	0.016411560813241986
163.63316582914572	1.8365400489132437	327.5555305389426	0.003052917465184156	195.44411703285144	201.05092222368864	1.4336972680257063	1.9026689001572006	4.6458883360492695	747.086310351521	0.2637388858816902	4.493806688959919e-05	0.10983319227468628	0.003508123371637465	0.008563998915057276	29.6628875790338	0.033712159591192864	494.17996526629145	556.0936964908718	3.6034455123265814	1.8815037321435721	3.7040787889439715	281.1249544758309	15.705561919600083	6.73931638522582e-06	0.02255859591010688	0.016656939662065783
164.13065326633165	1.8719902151441974	326.30777289996144	0.0030645914166028076	197.58845260103337	203.32533774632864	1.4469139876863508	1.902762080638798	4.679073923548181	740.3259611245562	0.28154014116141074	4.4513125669641386e-05	0.10911602025994212	0.00342885820146286	0.008711721915623733	30.3007404068839	0.0330024938853578	494.0973820920719	555.8777277208178	3.594912444759503	1.8865817194862502	3.749495140770995	280.8308046368838	15.6307109521991	6.777877369480998e-06	0.02274721260998637	0.016912403401063585
164.6281407035176	1.907929391561786	325.0472818124987	0.0030764755035756403	199.74286516593227	205.61256320162403	1.4601569614281469	1.9029195300651076	4.713492305187201	733.529217903213	0.29988976116301974	4.408945300387242e-05	0.10839800367931722	0.003349902581263951	0.008865212560063786	30.9521406040393	0.032307943182110596	493.999044002777	555.640318380834	3.586329034339925	1.8917644857761846	3.796724005672513	280.52776127504717	15.555820968786184	6.817182502754345e-06	0.022939801929170674	0.017178529031726085
165.1256281407035	1.9443618767520505	323.77366037311697	0.003088577368670445	201.90766334505568	207.91297543409772	1.4734281189064038	1.9031437720278996	4.749213755386801	726.695112536169	0.3188124519865649	4.366697007736205e-05	0.1076790980613405	0.0032712615914430136	0.009024816210036707	31.617491223620263	0.031628062863284255	493.8845147995369	555.3809144664241	3.577692265815502	1.8970558843733176	3.8458732450924447	280.21574144957884	15.480850993565086	6.857262023480739e-06	0.023136562495666493	0.017455939206576548
165.62311557788945	1.9812920135471443	322.486491299974	0.0031009050827800694	204.08317131761243	210.22696979289222	1.4867294788238703	1.9034374957845261	4.786314109591888	719.8226252424921	0.3383344640070105	4.3245596980162797e-05	0.10695925804009401	0.003192940491400364	0.009190906490392697	32.29721563610523	0.03096242138229695	493.75333647628383	555.0989346811102	3.5689989958831063	1.9024599865640255	3.8970594461058448	279.89465857318373	15.405758542828684	6.898147758031073e-06	0.023337707847493387	0.01774530681197256
166.12060301507537	2.0187241912633085	321.18533543577183	0.0031134671782048788	206.2697299539754	212.55496146532175	1.5000631556180708	1.9038035713243542	4.824875327722399	712.9106811014484	0.3584837165003686	4.2825252541201293e-05	0.10623843743744857	0.0031149447300771196	0.009363888229219807	32.9917590023723	0.030310599684245213	493.6050276498578	554.7937684841417	3.560245943347067	1.9079810984695191	3.9504088191943114	279.5644221173911	15.330499500007644	6.939873236716046e-06	0.023543467866292182	0.01804736011387892
166.6180904522613	2.056662848080573	319.8697301091814	0.0031262726850042025	208.46769805104515	214.89738693526198	1.5134313667781523	1.9042450661166481	4.8649861273021155	705.9581463122091	0.3792899345384102	4.240585415094894e-05	0.10551658936638653	0.0030372799573242792	0.009544200769295543	33.701589885508135	0.02967219064136809	493.4390818433915	554.4647739566573	3.5514296783641703	1.9136237796037663	4.006058208883609	279.2249372841438	15.255027980405021	6.982473820788726e-06	0.023754090378029034	0.01836288854890201
167.11557788944725	2.095112473575712	318.53918733850566	0.0031393311710101106	210.67745368563723	217.254705580706	1.5268364408638528	1.904765263757317	4.906742696548558	698.9638242053115	0.40078479959231567	4.198731757167872e-05	0.10479366635956935	0.0029599520361825826	0.009732321706556983	34.42720201765184	0.029046798502163223	493.25496560589465	554.111275465217	3.542546610668333	1.9193928632762136	4.064156234118196	278.8761046388966	15.179296184493683	7.025986841738255e-06	0.023969842943852578	0.018692749256905408
167.61306532663315	2.1340776114212856	317.1931918590913	0.003152652785953351	212.89939569971804	219.62740142680627	1.540280826309417	1.905367684764531	4.950249499496671	691.9264509842219	0.4230021154891727	4.1569556733929026e-05	0.1040696205280815	0.0028829670561677585	0.009928771120959658	35.169116240440104	0.02843403835238045	493.05211644855046	553.7325610986595	3.533592976652659	1.9252934790621032	4.12486457818985	278.51781969976724	15.103254238506262	7.07045175434962e-06	0.024191014867853515	0.019037874468303687
168.1105527638191	2.1735628622651437	315.83119895340894	0.0031662483102168726	215.1339453332703	222.01598507306738	1.553767101107049	1.9060561098114785	4.995620187375544	684.8446911714188	0.44597799160165796	4.115248351758758e-05	0.10334440375626244	0.0028063313476679864	0.0101341163768139	35.927882640302954	0.027833535586041642	492.82994057544784	553.3278798508032	3.5245648251690262	1.9313310775952681	4.18835945156965	278.14997247640804	15.02685002087587	7.115910305217178e-06	0.02441791945286634	0.019399279879267966
168.60804020100502	2.2135728868062055	314.45263205964784	0.0031801292088097775	217.38154802287215	224.42099581603372	1.5672979834785365	1.9068346057297512	5.042978633052793	677.7171327279348	0.4697510454303816	4.073600751574051e-05	0.1026179679396904	0.002730051497574609	0.010348977583859848	36.70408290299318	0.02724492538453947	492.587810383196	552.8964385174706	3.515458001884816	1.9375114579756998	4.254833255247717	277.77244695121703	14.950028972888367	7.162406718648467e-06	0.024650896540672502	0.019778074172333245
169.10552763819095	2.254112409084497	313.0568801310911	0.003194307691245293	219.64267538680534	226.8430039920756	1.5808763436599371	1.9077075546704056	5.092460108500171	670.5422818089132	0.4943626270654612	4.0320035779119834e-05	0.10189026527478451	0.0026541343662829617	0.010574033827510614	37.49833291542081	0.02666785220173775	492.3250617000321	552.4373982716004	3.5062681320120554	1.9438407981281385	4.324496477333036	277.3851204942701	14.872733891675235	7.209987902187167e-06	0.024890315379178542	0.02017546986923954
169.6030150753769	2.295186220005376	311.6432947143098	0.00320879677811365	221.917827420676	229.28261356860003	1.594505216943604	1.908679686873496	5.1442126290566215	663.3185571096083	0.5198570684012335	3.990447253860447e-05	0.10116124861021361	0.002578587106219306	0.010810030297613994	38.311285647199774	0.02610196925284055	492.0409907305173	551.949870874641	3.496990601195985	1.9503256884995215	4.397579861917216	276.98786320187753	14.794904703406255	7.258703674327742e-06	0.02513657786660139	0.020592795738467323
170.1005025125628	2.3367991811205044	310.21118670918764	0.0032236103752682063	224.2075349313654	231.74046501654328	1.6081878181447742	1.9097561175730005	5.198398492933397	656.0442837461896	0.5462819604369668	3.948921890276338e-05	0.10043087187237201	0.002503417182071579	0.011057786470671321	39.14363434944794	0.025546938004598015	491.7348506665786	551.4329144758597	3.487620534316231	1.9569731695440493	4.474336896832209	276.580537146905	14.71647821422388	7.3086070174011905e-06	0.025390122231640673	0.02103151102338651
170.59798994974875	2.3789562286910244	308.75982276781497	0.003238763356694865	226.5123622416344	234.21723850230006	1.6219275576873613	1.910942388655455	5.25519605014047	648.7176866032394	0.5736884625435879	3.907417252686868e-05	0.09969909057974433	0.002428632392927134	0.01131820553191369	39.9961161144723	0.025002427664174057	491.40584791931934	550.8855289434031	3.478152771913982	1.9637907735168014	4.555046676275793	276.1629955268833	14.63738783608804	7.359754359093618e-06	0.0256514272194364	0.021493221810178875
171.09547738693468	2.4216623780615425	307.2884212821647	0.0032542716573162366	228.83291020312976	236.71365744364422	1.6357280595362624	1.9122445158006927	5.314801742081889	641.3368830647095	0.6021316482289463	3.865922724912599e-05	0.09896586246411336	0.002354240896550953	0.01159228526247784	40.86951584722538	0.02446811466370453	491.0531379185016	550.3066506616908	3.468581843911003	1.9707865711825472	4.640017205780005	275.73508169338567	14.557563284257691	7.412205886633664e-06	0.025921016866190163	0.02197969992022158
171.5929648241206	2.4649227283777018	305.7961479018914	0.0032701523772000886	231.1698195620324	239.23049248185134	1.649593181242808	1.9136690419662015	5.377432461831634	633.8998750264751	0.631670892717574	3.824427268903832e-05	0.0982311482204689	0.0022802512360726433	0.01188113066514852	41.76467070810857	0.023943682137205286	490.67582041757294	549.6951467186215	3.4589019402294623	1.977969224148841	4.729589231226798	275.2966280430748	14.476930242611335	7.466025898372186e-06	0.02619946596129349	0.022492904792682202
172.09045226130652	2.5087424676842853	304.28211051325087	0.003286423898905	233.523774729452	241.76856593144785	1.6635270364175785	1.915223098238641	5.4433282960228375	626.404540065718	0.6623703086048461	3.782919380180297e-05	0.09749491241228156	0.002206672369392636	0.012185968662321186	42.682475097128005	0.023428819386045574	490.2729342313214	549.0498083927988	3.449106877853334	1.98534804365519	4.8241406913061615	274.847454747089	14.395409992382708	7.52128319830264e-06	0.026487406315286174	0.023035008923848313
172.58793969849245	2.5531268784462426	302.74535359762825	0.0033031060200153445	235.89550801817646	244.328756780235	1.6775340200022488	1.916914473273599	5.512755722958315	618.8486216149632	0.6942992369848728	3.741387038141057e-05	0.09675712456486102	0.0021335137016671554	0.012508165275337666	43.62388626201139	0.022923221328651346	489.8434513201759	548.3693438349278	3.439190063789812	1.992933056797878	4.92409191492943	274.38736829089237	14.31291899913779	7.5780515400664255e-06	0.02678553397593867	0.023608427555693232
173.0854271356784	2.5980813435410712	301.1848518728899	0.003320220103307299	238.28580441898188	246.91200632583474	1.6916188367823741	1.918751692787208	5.5860113587832885	611.2297179548151	0.7275328028364493	3.699817650359505e-05	0.09601776048708359	0.0020607851212907096	0.012849245789651496	44.589930628174564	0.02242658792943133	489.3862701193822	547.6523698181211	3.4291444532893136	2.0007350813488722	5.029911712917389	273.91615979114636	14.229368451916777	7.636410128194726e-06	0.02709461756433937	0.02421585346454916
173.58291457286433	2.6436113527780107	299.59950310209837	0.0033377892474648636	240.69550700390175	249.5193245516804	1.705786533668902	1.9207441108620982	5.663426365398635	603.5452697988483	0.762152545138897	3.6581979897930905e-05	0.09527680387137986	0.001988497039865343	0.013210918531276419	45.581710967055564	0.021938623601092017	488.90020799202716	546.8974024081976	3.4189625025612096	2.008765810544647	5.142124548452131	273.4336030493163	14.144663747371936	7.696444185809035e-06	0.027415507939630587	0.024860297901043653
174.08040201005025	2.6897225100081603	297.98811993114873	0.003355838481853081	243.12552306131118	252.151797365903	1.720042536381907	1.9229020152002068	5.745371661634671	595.7925461951047	0.7982471342545274	3.616514123609308e-05	0.09453424823406814	0.0019166604367307951	0.013595103034556782	46.60041454217261	0.02145903657348405	488.38399266131654	546.1028463761049	3.4086361150733846	2.017037909486699	5.261319015545698	272.9394522932705	14.058703910402375	7.758245599804572e-06	0.0277491494469272	0.025545138987359647
174.57788944723617	2.7364205408992777	296.3494205884322	0.0033743949895849207	245.57683108927824	254.81059485188624	1.7343926913008338	1.925236748915862	5.832264114951859	587.9686284092334	0.8359131916557065	3.5747513320483134e-05	0.09379009927377162	0.0018452869087325942	0.014003963580169242	47.647322400400384	0.02098753822085912	487.83625244850657	545.2669831389741	3.3981565803406015	2.025565125122411	5.388157912132083	272.43343954760786	13.97138094116134	7.821913656759714e-06	0.028096593060638157	0.026274179204447655
175.0753768844221	2.7837113014608805	294.6820182442273	0.003393488364027755	248.05048880050256	257.49698071082275	1.748843313408306	1.927760852039117	5.9245739371299315	580.0703913829084	0.8752562302123924	3.532894015394567e-05	0.09304437774584368	0.0017743887260298673	0.01443994933984492	48.72382001085269	0.020523842337839295	487.25550510695143	544.3879569721959	3.387514503879411	2.034362412179476	5.523390268393946	271.9152715603158	13.882579076308208	7.887555885564507e-06	0.028459011808339624	0.02705171402316375
175.57286432160805	2.8316007874191476	292.9844087832013	0.0034131509050366114	250.5476423257907	260.21232311607264	1.7634012414583182	1.930488226625099	6.0228335675597675	572.0944822749836	0.916391737152583	3.490925586698244e-05	0.09229712297697981	0.0017039788948974939	0.014905842700456137	49.831409497289634	0.020067664352427975	486.6401449979619	543.4637591799601	3.3766997267244556	2.0434460779309918	5.667865787138494	271.384626196826	13.792173949897325	7.955289026189837e-06	0.028837718953193855	0.027882614280996247
176.07035175879395	2.880095144557752	291.2549566875775	0.0034334179626432145	253.06953684529472	262.9581072487409	1.778073901756011	1.9334343302836798	6.127648406686209	564.0372954889594	0.9594464266707053	3.448828347348641e-05	0.09154839717863128	0.0016340712286652443	0.015404817782251622	50.971723764636174	0.019618720461908195	485.9884282979999	542.4922098427776	3.36570123254582	2.0528339493004117	5.822552279089577	270.8411481916146	13.700031636201627	8.025240148321871e-06	0.029234189531974552	0.028772425623611278
176.5678391959799	2.929200680160721	289.49187865770324	0.0034543283377645472	255.6175289304192	265.7359498468977	1.792869382261705	1.9366164041139384	6.2397098665935165	555.8949434646519	1.0045596952615505	3.4065833419258e-05	0.09079829076331503	0.001564680428169162	0.015940511752449885	52.14654288934741	0.01917672667432536	485.2984558557826	541.4709366734728	3.354507039958392	2.0625455666147756	5.988556842520281	270.28444412081393	13.606007552879793	8.097547949026236e-06	0.029650085999582944	0.029727489278516123
177.06532663316582	2.9789238757173275	287.69322450636326	0.0034759247518458044	258.19310094767326	268.5476161811436	1.8077965191468717	1.9400537425280606	6.359811345143177	547.66322235996	1.0518853205596286	3.3641701879048695e-05	0.09004692892861435	0.0014958221733810723	0.01651711232010734	53.35781323146987	0.01874139773423493	484.56815322756427	540.3973504023912	3.343104077043008	2.0726024093334887	6.167151758707916	269.71407642504	13.509945197972325	8.172364265533558e-06	0.03008728893134444	0.03075508969202034
177.56281407035175	3.0292714010784634	285.85685474684317	0.0034982544003907376	260.7978779637575	271.395039972558	1.8228649984640697	1.9437680143869438	6.488867917953869	539.3375715632466	1.1015934542507728	3.3215668747040905e-05	0.08929447985531602	0.0014275132282463715	0.017139465858252472	54.60766983945271	0.018312445906225508	483.7952473029831	539.2686159705086	3.3314780343659267	2.083028160391149	6.359806373588687	269.1295562672541	13.411674687920693	8.249855848133142e-06	0.030547933997708384	0.03186363626174541
178.0603015075377	3.080250130289499	283.98041414394834	0.003521369609289691	263.43364770511465	274.2803469029266	1.838085476285255	1.9477836473914054	6.627940798262394	530.9130257500491	1.1538729721416767	3.27874952518073e-05	0.08854116497716306	0.001359771561222321	0.017813212045883736	55.89846286543357	0.017889579583026047	482.9772387839192	538.0816186253595	3.3196131918342804	2.093849017496922	6.5682266424473745	268.5303349524853	13.311011055697602	8.330206449679555e-06	0.031034456775278836	0.03306288870995036
178.5577889447236	3.131867159368564	282.0613002998641	0.003545328618058852	266.1023842742344	277.2058825423024	1.8534697215691733	1.9521282909835604	6.778267966659553	522.3841579167084	1.2089342606143727	3.235692110884679e-05	0.08778727193215582	0.0012926164845984507	0.018544952918182176	57.23278890052941	0.017472501676233182	482.111369582956	536.8329237747629	3.3074922134854092	2.105094061972288	6.79440457330514	267.91579355974	13.20775225758143	8.413619303272444e-06	0.031549647426100405	0.03436423882272095
179.05527638190955	3.1841298263542557	280.0966260863628	0.0035701965210093887	268.80627652154254	280.1742457500345	1.8690307872146288	1.9568333774001891	6.941302862740969	513.7450114716953	1.267012539676401	3.192366110036984e-05	0.08703317101711194	0.0012260688164402117	0.019342466999024657	58.61352839299835	0.017060907736096205	481.19458394969377	535.5187291368758	3.295095902672121	2.116795698687692	7.040680582116235	267.2852303344109	13.101676823221514	8.500320079545855e-06	0.03209671791099135	0.03578106570332183
179.55276381909547	3.237045734015294	278.08317438759383	0.0035960464066272296	271.5477622337672	283.1883289136608	1.8847832163525586	1.9619348063969764	7.1187637217432504	504.98901901632246	1.3283718503613828	3.148740094101913e-05	0.08627933626477492	0.001160151069985583	0.020214983127926796	60.04389065030448	0.016654483731309122	480.22348178871687	534.1348073033781	3.282402907924407	2.1289901846735924	7.309822868331527	266.6378452519216	12.992541065154466	8.590560441526342e-06	0.03267938527132427	0.03732918791971675
180.0502512562814	3.2906227757022912	276.01734314955434	0.0036229607480069486	274.3295696528574	286.2513668057243	1.9007432930827968	1.9674737871296557	7.312697127141925	496.10890486174725	1.3933098707709834	3.104779224670412e-05	0.08552637268633283	0.0010948876766234236	0.0211735342373793	61.52746838281025	0.01625290339882379	479.19426216842027	532.676436263879	3.2693893668247096	2.1417182694737904	7.605129484333816	265.97272097539155	12.880075739007454	8.684622350829546e-06	0.03330197571916402	0.039027444827535306
180.54773869346735	3.34486916493428	273.8950780935797	0.003651033114433467	277.1547683213632	289.3669964059856	1.9169293498016322	1.9734978816278124	7.525560783781179	487.0965675469247	1.462163774099687	3.060444636728879e-05	0.08477505183338464	0.0010303052503108953	0.02223141954673398	63.06830437133244	0.015855825045053024	478.10265438532156	531.138314663112	3.2560284712124186	2.155025977945181	7.930561041606863	265.2887991697188	12.763982011548006	8.782823327930247e-06	0.03396955597197314	0.04089845225548909
181.04522613065325	3.399793469459405	271.7117895679825	0.0036803702982118824	280.02683191645065	292.5393308215039	1.9333621473356142	1.9800623095827332	7.760332630654495	477.9429375433943	1.5353174087326296	3.015692676585851e-05	0.08402635872851842	0.0009664329036141826	0.023404815778532692	64.67097370655598	0.015462887640094795	476.9438330697742	529.5144574875532	3.2422899314630658	2.1689655770169742	8.290915341411196	264.5848507679657	12.643926546443913	8.88552293712684e-06	0.03468810069130692	0.04296959675886694
181.5427135678392	3.4554046507239646	269.46224877274625	0.003711094984750017	282.9497166697101	295.77305153929353	1.9500653498134701	1.9872315958964146	8.020656587638651	468.6378037939153	1.6132101727465342	2.9704739517513035e-05	0.08328155454600088	0.0009033026287332232	0.024713596276725203	66.34068626655232	0.015073705990650573	475.71231258388434	527.798066367624	3.228139309755832	2.183596783528183	8.692060236617278	263.8594382609421	12.519535450843554	8.993130862375535e-06	0.035464708404158815	0.04527436117671851
182.04020100502512	3.511712109945121	267.1404568249156	0.0037433491425651116	285.9279603036091	299.07352481930775	1.9670661243701935	1.995081673962915	8.311040092948518	459.16960045671794	1.6963480848571875	2.9247321343101196e-05	0.08254226144279835	0.000840949761271698	0.026182444959079808	68.08341584117792	0.01468786469722314	474.40181419763053	525.9813665241044	3.2135371810492233	2.1989882932889677	9.14124871075609	263.11086731384034	12.39038672994968	9.106117076922559e-06	0.03630788349046972	0.047854117870435045
182.53768844221105	3.5687257423420964	264.73947756605986	0.0037772983810110913	288.9668083527536	302.44695032157495	1.9843959076453956	2.003702604494236	8.637126197867897	449.5251417409397	1.7853177399098457	2.878402436246004e-05	0.08181057905937775	0.000779413550710267	0.027842396048171975	69.90606485003948	0.01430491048445041	473.00509696139574	524.0553992491532	3.198438064192899	2.215219746313852	9.647552167137864	262.3371238677991	12.256000756093039	9.225024809006067e-06	0.03722790967448045	0.05076059423446184
183.035175879397	3.626456001580907	262.25122121054056	0.003813137629575345	292.07237760966854	305.900553451296	2.0020913986465425	2.0132021412195824	9.00607518519872	439.68928718889043	1.8808041099083412	2.8314096405657126e-05	0.08108924713553384	0.0007187378704273754	0.02973300126392906	71.8166773715858	0.013924342319903108	471.5137393814129	522.0097541554926	3.182789041413264	2.232384297174797	10.222467148324457	261.53579112857904	12.115828048009357	9.350487302443962e-06	0.03823735257726112	0.05405932426437853
183.5326633165829	3.6849139772024797	259.6661601697926	0.0038510986543110275	295.2518707883007	309.4428380471571	2.0201958642692794	2.0237104873939478	9.427110769666381	429.6445107009449	1.9836135620413529	2.7836655189276472e-05	0.0803818766570815	0.0006589721131139331	0.03190544296417143	73.82471892994003	0.013545598472904504	469.91785321870015	519.8322183610785	3.16652794768166	2.250592045662405	10.880782329501788	260.7039380768241	11.969233332447013	9.483249822169887e-06	0.03935174806174513	0.05783457948166032
184.03015075376885	3.744111488845085	256.97294942718	0.003891460179871485	298.5138632679647	313.0839240358049	2.038760885357772	2.035386770598871	9.912320041479955	419.3703313027788	2.094704100085327	2.7350653827150428e-05	0.0796932852055475	0.0006001723368868161	0.03442711051903138	75.9414504098162	0.013168039253971635	468.20570172739235	517.5083087837506	3.1495809543010638	2.2699747250889453	11.641846220519419	259.8379666284947	11.815474350310149	9.624199059046122e-06	0.04059056429727402	0.06219657658074387
184.52763819095478	3.8040612026282323	254.15790950145563	0.00393456179255469	301.86869361136854	316.8360074757693	2.0578487377943184	2.0484280742030196	10.47785620797804	408.8425370932008	2.2152258486677807	2.6854833787434448e-05	0.07902999492862733	0.0005424027572797055	0.037388507356396906	78.18043776604775	0.012790923517113903	466.3631802346404	515.0206361318785	3.1318592795161044	2.2906922881103897	12.531469955374705	258.93339696598576	11.653673042351414	9.774403219244118e-06	0.04197857785710843	0.06729229187837774
185.0251256281407	3.8647767774535096	251.20430634075083	0.003980823476184883	305.3290074489982	320.71400157489916	2.077535713283494	2.0630824130929324	11.145802544907568	398.03208641506177	2.346576472697508	2.6347659140190898e-05	0.07840099199555527	0.0004857377275000244	0.040913997400748976	80.55826284063347	0.012413375918722038	464.3730931439478	512.3480201244255	3.1132546076712106	2.312942459850103	13.584870695923803	257.9845571752112	11.482775363942917	9.93516795934772e-06	0.04354789535961778	0.07332218251599754
185.52261306532665	3.9262730527569167	248.0913218430776	0.004030773799627375	308.9105350125967	324.73645356383224	2.097916873600662	2.079668057287666	11.947164755838461	386.90348336372057	2.490479092115216	2.582722202269868e-05	0.0778189213555189	0.0004302644264751556	0.04517912801657438	83.09554117074192	0.012034340060981535	462.2141206131424	509.46422570228725	3.0936325391266113	2.336975122882238	14.85138709083953	256.9841186578979	11.301493573748632	1.0108116556846347e-05	0.045341017623818924	0.08056695992338599
186.02010050251255	3.988566295439084	244.7925359393097	0.004085091876526519	312.63323751237607	328.92689728486175	2.119113070781364	2.0986035830206817	12.92687879299737	375.4122605534685	2.649095376130434	2.5291102224495672e-05	0.07730203638502149	0.00037608660519931295	0.05043974548873869	85.81842529489634	0.011652509313282289	459.85929514782106	506.33610105206884	3.072822929489944	2.3631149387504427	16.402351640992602	255.92237089776026	11.108220496891079	1.029530850435246e-05	0.04741565823634933	0.08943225813326165
186.5175879396985	4.051674534266765	241.27360429630627	0.004144672198670799	316.5230608023525	333.31592360259066	2.1412817033243443	2.1204570911784693	14.152618699184803	363.50088140830275	2.825196086604431	2.473615063323087e-05	0.07687752314415267	0.0003233299746784673	0.057083438216596005	88.76090869897409	0.011266220847191012	457.27367117048635	502.9207312744756	3.0506051057196117	2.391798758686189	18.344896696137862	254.78603052169092	10.900897047927721	1.0499421663015369e-05	0.049852662504834895	0.10052690803587333
187.01507537688443	4.115618028981502	237.48854262811855	0.004210729447971274	320.6147406903839	337.9444947216178	2.164633951666723	2.146031906243031	15.731253289856122	351.09172253378586	3.022430231846192	2.4158140311440077e-05	0.07658748077024596	0.0002721502555585121	0.06572612610985856	91.96851831506035	0.010873285971339222	454.4105972202511	499.16088899816646	3.026684211260263	2.4236412198017283	20.84765906408093	253.55616228399444	10.676797912689986	1.0724045036998266e-05	0.05276973793393704	0.11480853563548137
187.51256281407035	4.1804199574277785	233.3734438011178	0.004284977689458985	324.95654526785717	342.86955151800436	2.189463966946057	2.176526887945582	17.841993105522654	338.07440414185834	3.245773574234936	2.3551174327666874e-05	0.07650042653057863	0.0002227457851822767	0.07740764437381371	95.50456874347559	0.010470703267463476	451.2054150805315	494.97735198814	3.0006512185488172	2.4595579272374057	24.19232976059516	252.2042719354263	10.432165449631633	1.0974176410237584e-05	0.056346896219804155	0.13387523802562962
188.01005025125627	4.2461074781643084	228.83508609183073	0.00436995924479301	329.6188720275505	348.1741886561393	2.216201889642832	2.2138626852482264	20.809889282301082	324.2815602111851	3.502326628176211	2.290661463016152e-05	0.07673542212160019	0.00017537848477440675	0.09402792177995314	99.46152523761496	0.010054139001096012	447.5640398530896	490.2549946521468	2.9719104584461	2.501016535908294	28.887337927050453	250.6842776275103	10.161541705180314	1.1257130063710792e-05	0.06087775458651278	0.1606080368966979
188.5075376884422	4.3127134942400955	223.7283055750689	0.0044697071183264474	334.7113290653862	353.9878952698937	2.2455194195594546	2.261416631275112	25.29104661383212	309.4392331440217	3.8028546831048233	2.2210978086399168e-05	0.07751883533087989	0.00013041161111721462	0.119452942915234	103.98364476000954	0.009616896987097957	443.34027522429943	484.8151966332736	2.9395357064816583	2.5506031378273857	35.95232067044476	248.91409693840603	9.856444085029793	1.1584352599921508e-05	0.0668851905791393	0.20077635506312128
189.00502512562815	4.3802798791046	217.8050277096557	0.0045912622427295244	340.4212621655303	360.53227578705105	2.2785685163611062	2.325906315667815	32.83171211923691	293.05587551431546	4.165093882027299	2.144130103285217e-05	0.0793413675052739	8.838566610275763e-05	0.16287513873186904	109.31824610290073	0.009147603768347189	438.2846580251978	478.3537227537105	2.901945841320301	2.6134809267610515	47.76863063798749	246.72704718814515	9.502430962043277	1.1975547609698104e-05	0.07542595405132761	0.2678316735198015
189.50251256281405	4.448864281230059	210.5755509119424	0.004748889392283608	347.11899225087325	368.2461566437162	2.317635212745296	2.423174468523457	48.102232056082734	274.1398062668571	4.622025596355304	2.0552946172850256e-05	0.0835153420588891	5.019867895026131e-05	0.25233021178180426	115.95648354558452	0.008623924850281291	431.9048445208629	470.2715157512917	2.856020470691453	2.7019273615009882	71.42893396808498	243.71596954709017	9.071440111445776	1.2470007360537248e-05	0.0891076335704871	0.40176536091331877
190.0	4.51855827164166	200.78033737090527	0.00498056738570312	355.7619635889357	378.2669475470732	2.3686580001514357	2.602176384059114	94.012461236893	250.3065632430292	5.24877949966857	1.9435244282360205e-05	0.09529661106566557	1.7678767876945432e-05	0.5267115466128326	125.1763909197946	0.007988726888928592	422.932200440718	459.0297284045725	2.7937252678224844	2.8546397449841363	140.80795731542216	238.54536216836135	8.495117922457926	1.3170064086898554e-05	0.11731314998624737	0.7933343186994994
